Отметка времени,Расход,Доход,Комментарии,Ресурсы,Группы,Адрес электронной почты,,,
07.11.2016 5:22:20,,0,,Росбанк дебет,Ипотека,,,,
07.11.2016 5:34:35,0,,Обед на работе Маша,Сбербанк зарплата,Продукты,,,,
07.11.2016 6:05:59,0,0,66666,Росбанк дебет,Продукты,,,,
07.11.2016 10:50:43,0,,,НАЛ,Дашины занятия,,,,
07.11.2016 10:55:18,,24400,,Сбербанк зарплата,Сбербанк зарплата,,,,
07.11.2016 10:56:12,0,,,НАЛ,Дашины занятия,,,,
07.11.2016 10:56:27,0,,,НАЛ,Продукты,,,,
07.11.2016 10:56:41,0,,,НАЛ,Одежда,,,,
07.11.2016 10:56:53,0,,,НАЛ,Мобильная связь,,,,
07.11.2016 10:57:05,0,,,НАЛ,Развлечения,,,,
07.11.2016 10:57:31,0,,,НАЛ,Непредвиденные расходы,,,,
07.11.2016 10:58:50,0,,,НАЛ,Транспорт,,,,
07.11.2016 10:59:57,0,,,НАЛ,Ипотека,,,,
07.11.2016 11:00:06,0,,,НАЛ,Авто,,,,
07.11.2016 11:05:16,0,,,НАЛ,"Бытовая техника, мебель",,,,
07.11.2016 11:05:37,0,,,НАЛ,Медицина,,,,
07.11.2016 11:06:18,0,,,НАЛ,Парикмахерская,,,,
07.11.2016 11:15:28,0,,,НАЛ,Медицина,,,,
07.11.2016 11:17:41,0,,,НАЛ,Подарки,,,,
07.11.2016 11:18:53,0,,,НАЛ,Непредвиденные расходы,,,,
08.11.2016 0:55:44,1000,,,Сбербанк зарплата,МинусКарта,,,,
08.11.2016 0:56:13,,1000,,НАЛ,ПлюсНалик,,,,
08.11.2016 1:03:00,1000,,,НАЛ,Обед,,,,
08.11.2016 4:00:41,0,,Каша на завтрак,НАЛ,Обед,,,,
08.11.2016 4:01:24,0,,Пироженка и кофе. Ну очень хотелось,ВТБ,Обед,,,,
08.11.2016 9:32:46,0,,,ВТБ,Продукты,,,,
08.11.2016 9:33:45,0,,,Сбербанк Маша,Продукты,,,,
08.11.2016 9:34:00,0,,,ВТБ,Медицина,,,,
08.11.2016 20:27:43,15989,,,Сбербанк зарплата,МинусКарта,,,,
09.11.2016 3:24:22,450,,Обед,НАЛ,Обед,,,,
09.11.2016 3:24:51,1000,,,Сбербанк зарплата,МинусКарта,,,,
09.11.2016 3:25:05,,1000,,НАЛ,ПлюсНалик,,,,
09.11.2016 4:03:20,0,,,НАЛ,CORR,,,,
09.11.2016 10:22:17,4000,,,Сбербанк зарплата,МинусКарта,,,,
09.11.2016 10:22:30,,4000,,НАЛ,ПлюсНалик,,,,
09.11.2016 10:25:30,160,,,НАЛ,Продукты,,,,
09.11.2016 10:34:16,2200,,,ВТБ,МинусКарта,,,,
09.11.2016 10:34:38,,2200,,НАЛ,ПлюсНалик,,,,
09.11.2016 10:35:36,1200,,,Сбербанк Маша,МинусКарта,,,,
09.11.2016 10:35:49,,1200,,НАЛ,ПлюсНалик,,,,
09.11.2016 10:39:06,2950,2950,,НАЛ,CORR,,,,
09.11.2016 11:01:13,2500,,,НАЛ,Парикмахерская,,,,
09.11.2016 11:02:20,2600,,,НАЛ,Подарки,,,,
09.11.2016 11:03:07,400,,,НАЛ,Медицина,,,,
09.11.2016 11:03:49,1200,,,НАЛ,Мобильная связь,,,,
09.11.2016 11:05:28,9289,,,НАЛ,Продукты,,,,
09.11.2016 23:57:10,180,,,Сбербанк зарплата,Обед,,,,
10.11.2016 0:31:26,,32040,,ВТБ,ВТБ,,,,32040
10.11.2016 2:46:43,250,,,НАЛ,Обед,,,,11157
10.11.2016 10:03:02,550,,,НАЛ,Обед,,,,20883
10.11.2016 10:03:33,244,,,ВТБ,Медицина,,,,
10.11.2016 10:03:55,760,,,НАЛ,Продукты,,,,
10.11.2016 10:06:43,4000,,,ВТБ,МинусКарта,,,,
10.11.2016 10:07:04,,4000,,НАЛ,ПлюсНалик,,,,
10.11.2016 10:08:06,2000,,на дела класса,НАЛ,Непредвиденные расходы,,,,
10.11.2016 10:15:15,6913,,,ВТБ,Коммунальные расходы,,,,
10.11.2016 10:21:17,3800,,,НАЛ,Дашины занятия,,,,
10.11.2016 10:27:31,1829,,Электричество,ВТБ,Коммунальные расходы,,,,
10.11.2016 22:43:33,1000,,,Сбербанк зарплата,МинусКарта,,,,
10.11.2016 22:43:44,,1000,,НАЛ,ПлюсНалик,,,,
10.11.2016 22:44:12,200,,,НАЛ,Транспорт,,,,
11.11.2016 0:21:31,,105000,,Сбербанк зарплата,Сбербанк зарплата,,,,
11.11.2016 0:53:58,4000,,,Сбербанк Маша,На отпуск,,,,
11.11.2016 0:57:25,4000,,,Сбербанк зарплата,МинусКарта,,,,
11.11.2016 1:01:45,,4000,,Сбербанк Маша,ПлюсКарта,,,,
11.11.2016 1:04:39,10700,,,Сбербанк зарплата,МинусКарта,,,,
11.11.2016 1:05:01,,10700,,Сбербанк кредит,ПлюсКарта,,,,
11.11.2016 3:25:56,68500,,,Сбербанк зарплата,Ипотека,,,,
11.11.2016 3:26:18,1500,,,Сбербанк зарплата,МинусКарта,,,,
11.11.2016 3:26:33,,1500,,НАЛ,ПлюсНалик,,,,
11.11.2016 3:26:51,1000,,,НАЛ,Обед,,,,
11.11.2016 9:05:35,300,,,НАЛ,Обед,,,,
11.11.2016 9:06:45,4000,,,ВТБ,МинусКарта,,,,
11.11.2016 9:06:58,,4000,,НАЛ,ПлюсНалик,,,,
11.11.2016 9:08:00,600,,Гитара,НАЛ,Дашины занятия,,,,
11.11.2016 9:09:17,1822,,,НАЛ,Продукты,,,,
12.11.2016 3:27:09,220,,,НАЛ,Одежда,,,,
12.11.2016 3:27:30,879,,,ВТБ,Продукты,,,,
12.11.2016 3:27:52,1200,,,НАЛ,Медицина,,,,
12.11.2016 3:28:17,570,,,ВТБ,Продукты,,,,
12.11.2016 3:29:05,500,,Консъерж,НАЛ,Коммунальные расходы,,,,
12.11.2016 3:30:09,150,,,НАЛ,Продукты,,,,
12.11.2016 9:38:40,670,,,ВТБ,Продукты,,,,
12.11.2016 9:38:54,1500,,,НАЛ,Дашины занятия,,,,
12.11.2016 11:44:37,500,,Пиво с Олевичем,Сбербанк зарплата,Развлечения,,,,
13.11.2016 1:57:17,1560,,,ВТБ,Транспорт,,,,
13.11.2016 1:57:33,51,,,ВТБ,Медицина,,,,
13.11.2016 1:57:48,300,,,НАЛ,Продукты,,,,
13.11.2016 9:25:21,5700,,Замена колес+ хранение,Сбербанк зарплата,Авто,,,,
14.11.2016 0:16:40,565,,масло для машины,Сбербанк зарплата,Авто,,,,
14.11.2016 0:17:13,105,,мармелад для Даши,Сбербанк зарплата,Продукты,,,,
14.11.2016 0:17:51,120,,шаурма куринная !!!,НАЛ,Обед,,,,
14.11.2016 0:18:10,500,,,Сбербанк зарплата,МинусКарта,,,,
14.11.2016 0:18:33,,500,,НАЛ,ПлюсНалик,,,,
14.11.2016 0:44:03,200,,,НАЛ,Продукты,,,,
14.11.2016 2:42:48,250,,,НАЛ,Обед,,,,
14.11.2016 5:34:02,110,,Булочки и хурма,НАЛ,Обед,,,,
14.11.2016 8:51:35,3000,,,ВТБ,МинусКарта,,,,
14.11.2016 8:51:49,,3000,,НАЛ,ПлюсНалик,,,,
14.11.2016 8:52:27,1185,,,ВТБ,Продукты,,,,
14.11.2016 9:12:01,1000,,,НАЛ,Дашины занятия,,,,
14.11.2016 9:40:02,500,,,Сбербанк зарплата,МинусКарта,,,,
14.11.2016 9:40:14,,500,,НАЛ,ПлюсКарта,,,,
14.11.2016 23:20:40,100,,метро,НАЛ,Транспорт,,,,
15.11.2016 0:21:39,170,,,НАЛ,Обед,,,,
15.11.2016 3:48:14,100,,Фруктики,НАЛ,Продукты,,,,
15.11.2016 3:48:41,277,,,НАЛ,Обед,,,,
15.11.2016 10:50:40,250,,,НАЛ,Обед,,,,
15.11.2016 21:20:39,150,,Вкусняшки Даше,НАЛ,Продукты,,,,
15.11.2016 23:46:46,3000,,,Сбербанк зарплата,МинусКарта,,,,
15.11.2016 23:47:00,,3000,,НАЛ,ПлюсНалик,,,,
15.11.2016 23:47:50,690,,microSD карточка,НАЛ,"Бытовая техника, мебель",,,,
16.11.2016 2:51:37,450,,,НАЛ,Обед,,,,
16.11.2016 6:17:44,250,,,НАЛ,Обед,,,,
16.11.2016 6:17:59,103,,,НАЛ,Обед,,,,
16.11.2016 9:29:54,485,,,НАЛ,Продукты,,,,
16.11.2016 9:30:17,316,,Фрукты,ВТБ,Продукты,,,,
16.11.2016 9:30:31,1000,,,НАЛ,Дашины занятия,,,,
16.11.2016 9:34:49,500,,Потеряно,НАЛ,CORR,,,,
16.11.2016 23:34:46,60,,Каша,НАЛ,Обед,,,,
16.11.2016 23:35:05,200,,ДР коллеги,НАЛ,Подарки,,,,
17.11.2016 1:16:38,160,,,НАЛ,Транспорт,,,,
17.11.2016 3:06:04,250,,,НАЛ,Обед,,,,
17.11.2016 19:43:35,550,,бассейн,НАЛ,Развлечения,,,,
17.11.2016 19:44:11,839,,,Сбербанк зарплата,Продукты,,,,
17.11.2016 19:44:30,1000,,,Сбербанк зарплата,МинусКарта,,,,
17.11.2016 19:44:44,,1000,,НАЛ,ПлюсНалик,,,,
17.11.2016 19:47:07,200,,Даше на конюшню,НАЛ,Обед,,,,
18.11.2016 6:40:48,300,,,НАЛ,Обед,,,,
18.11.2016 9:43:51,140,,Селедка,НАЛ,Обед,,,,
18.11.2016 9:44:29,250,,,НАЛ,Обед,,,,
18.11.2016 9:59:37,560,,Фрукты овощи,ВТБ,ВТБ,,,,
18.11.2016 10:00:24,313,,Мясо,ВТБ,Продукты,,,,
18.11.2016 10:00:47,95,,,НАЛ,Продукты,,,,
19.11.2016 22:03:23,525,,,Сбербанк зарплата,Парфюмерия & косметика,,,,
19.11.2016 22:03:38,440,,,НАЛ,Развлечения,,,,
19.11.2016 22:04:20,3961,,,Сбербанк зарплата,Продукты,,,,
19.11.2016 22:04:42,3000,,,Сбербанк зарплата,МинусКарта,,,,
19.11.2016 22:04:57,,3000,,НАЛ,ПлюсНалик,,,,
19.11.2016 22:06:20,113,,Канцтовары,НАЛ,Дашины занятия,,,,
19.11.2016 22:08:23,1500,,тренировка,НАЛ,Дашины занятия,,,,
20.11.2016 1:49:47,300,,Ремонт ботинок,НАЛ,Одежда,,,,
20.11.2016 1:50:18,375,,Лампочки,НАЛ,"Бытовая техника, мебель",,,,
20.11.2016 1:50:30,250,,,НАЛ,Продукты,,,,
21.11.2016 3:31:45,360,,,ВТБ,Обед,,,,
21.11.2016 3:32:02,"218,5",,Фрукты,ВТБ,Продукты,,,,
21.11.2016 5:52:44,1000,,,Сбербанк зарплата,МинусКарта,,,,
21.11.2016 5:52:57,,1000,,НАЛ,ПлюсНалик,,,,
21.11.2016 5:53:11,250,,,НАЛ,Обед,,,,
21.11.2016 5:53:24,100,,,НАЛ,Транспорт,,,,
21.11.2016 6:32:46,,20600,,Сбербанк зарплата,Сбербанк зарплата,,,,
21.11.2016 8:32:47,,5000,,Сбербанк Маша,ПлюсКарта,,,,
21.11.2016 8:32:35,5000,,,Сбербанк зарплата,МинусКарта,,,,
21.11.2016 8:33:42,1000,,,ВТБ,Дашины занятия,,,,
21.11.2016 8:34:05,1000,,,ВТБ,МинусКарта,,,,
21.11.2016 8:34:17,,1000,,НАЛ,ПлюсНалик,,,,
21.11.2016 8:36:21,350,,Дашины обеды,Сбербанк Маша,Обед,,,,
21.11.2016 8:36:48,1000,,,Сбербанк Маша,На отпуск,,,,
22.11.2016 9:35:53,250,,,НАЛ,Обед,,,,
22.11.2016 9:45:50,887,,,ВТБ,Продукты,,,,
22.11.2016 9:46:09,4123,,Зубы,Сбербанк Маша,Медицина,,,,
22.11.2016 22:48:20,100,,,НАЛ,Транспорт,,,,
23.11.2016 2:22:31,358,,,ВТБ,Обед,,,,
23.11.2016 2:22:53,1000,,Подарок Кате,ВТБ,Подарки,,,,
23.11.2016 2:23:10,167,,,НАЛ,Продукты,,,,
23.11.2016 8:36:40,250,,,НАЛ,Обед,,,,
23.11.2016 8:37:52,409,,плавательные принадлежности,Сбербанк зарплата,Развлечения,,,,
23.11.2016 8:38:09,3000,,,Сбербанк зарплата,МинусКарта,,,,
23.11.2016 8:38:25,,3000,,НАЛ,ПлюсНалик,,,,
23.11.2016 8:44:25,436,,Фрукты,ВТБ,Продукты,,,,
23.11.2016 8:44:40,160,,колбаса,НАЛ,Продукты,,,,
23.11.2016 8:44:56,180,,,НАЛ,Продукты,,,,
23.11.2016 22:44:09,600,,,НАЛ,Дашины занятия,,,,
23.11.2016 22:45:56,520,,Бассейн,НАЛ,Развлечения,,,,
23.11.2016 22:46:53,1090,,Бензин,Сбербанк зарплата,Авто,,,,
23.11.2016 23:27:15,200,,,НАЛ,Транспорт,,,,
24.11.2016 4:44:55,340,,,НАЛ,Обед,,,,
24.11.2016 4:45:24,252,,,ВТБ,Медицина,,,,
24.11.2016 6:56:43,2000,,,Сбербанк зарплата,МинусКарта,,,,
24.11.2016 6:56:56,,2000,,Сбербанк Маша,ПлюсКарта,,,,
24.11.2016 10:52:05,400,,заточка нолжей,НАЛ,"Бытовая техника, мебель",,,,
24.11.2016 10:52:39,168,,овощи,Сбербанк Маша,Продукты,,,,
24.11.2016 10:52:56,294,,,ВТБ,Парфюмерия & косметика,,,,
24.11.2016 10:54:05,219,,,"НАЛ, Сбербанк Маша",Продукты,,,,
24.11.2016 10:55:04,619,,,Сбербанк кредит,Продукты,,,,
24.11.2016 10:57:35,230,,книжки,Сбербанк Маша,Развлечения,,,,
24.11.2016 10:58:24,200,,обед Даши,Сбербанк Маша,Обед,,,,
24.11.2016 11:00:23,200,,,НАЛ,Продукты,,,,
24.11.2016 11:01:47,250,,,НАЛ,Обед,,,,
24.11.2016 11:03:03,,26215,,ВТБ,ВТБ,,,,
25.11.2016 5:12:40,200,,ДР коллеги,НАЛ,Подарки,,,,
25.11.2016 5:12:56,100,,Каша,НАЛ,Обед,,,,
25.11.2016 6:24:02,250,,,НАЛ,Обед,,,,
25.11.2016 6:24:18,6000,,,Сбербанк зарплата,МинусКарта,,,,
25.11.2016 6:24:37,,6000,,НАЛ,ПлюсНалик,,,,
25.11.2016 6:24:52,26000,,,ВТБ,МинусКарта,,,,
25.11.2016 6:25:07,,26000,,НАЛ,ПлюсНалик,,,,
25.11.2016 6:25:20,31000,,,НАЛ,Авто,,,,
26.11.2016 3:06:41,200,,,НАЛ,Парфюмерия & косметика,,,,
26.11.2016 3:07:06,3200,,,Сбербанк кредит,Продукты,,,,
26.11.2016 11:04:36,1000,,предоплата банкета,Сбербанк кредит,Подарки,,,,
26.11.2016 11:29:28,3200,,,НАЛ,Парикмахерская,,,,
26.11.2016 11:30:17,100,,,НАЛ,Продукты,,,,
27.11.2016 3:32:49,1300,,,Сбербанк Маша,МинусКарта,,,,
27.11.2016 3:33:20,,1300,,НАЛ,ПлюсНалик,,,,
27.11.2016 3:34:08,394,,,НАЛ,Продукты,,,,
27.11.2016 3:34:42,259,,Книга,НАЛ,Развлечения,,,,
27.11.2016 8:50:14,5000,,,Сбербанк кредит,Медицина,,,,
27.11.2016 8:51:27,-5000,,обратно из отпуска,Сбербанк Маша,На отпуск,,,,
27.11.2016 8:53:11,4500,,,Сбербанк Маша,МинусКарта,,,,
27.11.2016 8:53:34,,4500,,НАЛ,ПлюсНалик,,,,
27.11.2016 8:54:11,1500,,,НАЛ,Дашины занятия,,,,
27.11.2016 9:01:40,1000,,,НАЛ,МинусНалик,,,,
27.11.2016 9:01:54,,1000,,Сбербанк Маша,ПлюсКарта,,,,
27.11.2016 9:03:27,150,,Даше на конюшю,НАЛ,Продукты,,,,
27.11.2016 22:47:42,840,,цветы,Сбербанк кредит,Подарки,,,,
27.11.2016 22:58:45,200,,,Сбербанк зарплата,Мобильная связь,,,,
28.11.2016 4:07:31,135,,,НАЛ,Продукты,,,,
28.11.2016 5:29:24,200,,ДР коллеги,НАЛ,Подарки,,,,
28.11.2016 7:50:21,228,,Канцтовары ,ВТБ,Дашины занятия,,,,
28.11.2016 7:50:51,115,,,ВТБ,Продукты,,,,
28.11.2016 9:15:05,200,,,НАЛ,Транспорт,,,,
28.11.2016 9:15:18,250,,,НАЛ,Обед,,,,
29.11.2016 4:41:51,200,,Даша,Сбербанк Маша,Обед,,,,
29.11.2016 4:42:25,250,,Маша,Сбербанк Маша,Обед,,,,
29.11.2016 7:35:37,,3356,50 евро,НАЛ,Прочие доходы,,,,
29.11.2016 7:36:36,254,,Сыр и сметана ,НАЛ,Продукты,,,,
29.11.2016 7:37:03,80,,Хлеб и мороженое,НАЛ,Продукты,,,,
29.11.2016 7:37:37,60,,Линейка для выкроек,НАЛ,Дашины занятия,,,,
30.11.2016 2:41:34,1000,,тест нового браузера,Сбербанк зарплата,МинусКарта,,,,
30.11.2016 2:41:57,,1000,,НАЛ,ПлюсНалик,,,,
30.11.2016 3:34:43,104,,Завтрак,НАЛ,Обед,,,,
30.11.2016 3:42:38,250,,,НАЛ,Обед,,,,
30.11.2016 7:50:54,470,,Фрукты,НАЛ,Продукты,,,,
30.11.2016 7:51:18,200,,,НАЛ,Продукты,,,,
30.11.2016 7:51:51,250,,Даша,НАЛ,Одежда,,,,
30.11.2016 8:08:22,1000,,,НАЛ,Дашины занятия,,,,
01.12.2016 1:04:26,60,,,НАЛ,Обед,,,,
01.12.2016 6:10:34,150,,,Сбербанк Маша,Мобильная связь,,,,
01.12.2016 8:15:34,208,,,НАЛ,Продукты,,,,
01.12.2016 8:16:01,2000,,,Сбербанк зарплата,МинусКарта,,,,
01.12.2016 8:16:21,,2000,,НАЛ,ПлюсНалик,,,,
01.12.2016 8:16:45,250,,,НАЛ,Обед,,,,
01.12.2016 8:17:04,200,,,НАЛ,Транспорт,,,,
01.12.2016 8:18:12,600,,,НАЛ,Дашины занятия,,,,
01.12.2016 8:18:40,220,,,НАЛ,Развлечения,,,,
01.12.2016 8:27:44,200,,обед корр,НАЛ,Обед,,,,
02.12.2016 3:42:13,100,,,НАЛ,Продукты,,,,
02.12.2016 5:42:16,250,,,НАЛ,Обед,,,,
03.12.2016 1:12:59,1550,,,НАЛ,Дашины занятия,,,,
03.12.2016 8:28:29,2128,,,Сбербанк кредит,Продукты,,,,
03.12.2016 8:43:51,300,,,Сбербанк Маша,Мобильная связь,,,,
05.12.2016 3:31:00,262,,,Сбербанк Маша,Обед,,,,
05.12.2016 9:32:55,130,,,Сбербанк кредит,Обед,,,,
05.12.2016 9:33:18,250,,,НАЛ,Обед,,,,
05.12.2016 22:54:13,100,,,ВТБ,МинусКарта,,,,
05.12.2016 22:54:24,,100,,НАЛ,ПлюсНалик,,,,
05.12.2016 22:54:44,40,,Каша,НАЛ,Обед,,,,
05.12.2016 22:54:56,120,,Даша,НАЛ,Обед,,,,
06.12.2016 2:29:52,,24400,,Сбербанк зарплата,Сбербанк зарплата,,,,
06.12.2016 2:30:14,15000,,,Сбербанк зарплата,МинусКарта,,,,
06.12.2016 2:30:35,,15000,,Сбербанк Маша,ПлюсКарта,,,,
06.12.2016 2:30:46,250,,,НАЛ,Обед,,,,
06.12.2016 2:31:05,1000,,,Сбербанк зарплата,МинусКарта,,,,
06.12.2016 2:31:27,,1000,,НАЛ,ПлюсНалик,,,,
06.12.2016 2:36:09,200,,,Сбербанк зарплата,МинусКарта,,,,
06.12.2016 2:36:20,,200,,НАЛ,ПлюсНалик,,,,
06.12.2016 2:44:16,1000,,,Сбербанк Маша,Дашины занятия,,,,
06.12.2016 2:44:28,132,,,Сбербанк Маша,Продукты,,,,
06.12.2016 2:44:40,1000,,,Сбербанк Маша,На отпуск,,,,
06.12.2016 2:48:43,52,,Корректировка,Сбербанк Маша,CORR,,,,
06.12.2016 3:20:21,,0,"Привет, Мусик! Действуй внимательно!",Сбербанк кредит,CORR,,,,
06.12.2016 8:54:59,574,,,Сбербанк зарплата,Продукты,,,,
06.12.2016 9:09:30,2000,,,Сбербанк Маша,МинусКарта,,,,
06.12.2016 9:09:49,,2000,,НАЛ,ПлюсНалик,,,,
06.12.2016 9:11:40,453,,,НАЛ,Продукты,,,,
06.12.2016 9:12:11,822,,,Сбербанк Маша,Продукты,,,,
06.12.2016 9:19:14,100,,,НАЛ,Транспорт,,,,
06.12.2016 21:41:58,1570,,карточка на метро,Сбербанк зарплата,Транспорт,,,,
07.12.2016 2:47:56,250,,,НАЛ,Обед,,,,
07.12.2016 8:30:53,2000,,,Сбербанк Маша,МинусКарта,,,,
07.12.2016 8:31:13,,2000,,НАЛ,ПлюсНалик,,,,
07.12.2016 8:31:48,220,,,Сбербанк Маша,Парфюмерия & косметика,,,,
07.12.2016 8:32:29,80,,,НАЛ,Медицина,,,,
07.12.2016 8:33:30,227,,,НАЛ,Продукты,,,,
07.12.2016 8:33:56,1000,,,НАЛ,Дашины занятия,,,,
07.12.2016 8:35:31,1480,,НГ,НАЛ,Подарки,,,,
08.12.2016 5:27:11,250,,,НАЛ,Обед,,,,
08.12.2016 5:27:45,66,,2жвачки,НАЛ,Продукты,,,,
08.12.2016 10:31:19,798,,,Сбербанк зарплата,Продукты,,,,
08.12.2016 10:31:39,2000,,,Сбербанк зарплата,МинусКарта,,,,
08.12.2016 10:31:58,,2000,,НАЛ,ПлюсНалик,,,,
08.12.2016 10:32:43,440,,бассейн,НАЛ,Развлечения,,,,
08.12.2016 10:33:14,600,,,НАЛ,Дашины занятия,,,,
09.12.2016 0:20:22,200,,Даша,Сбербанк Маша,Обед,,,,
09.12.2016 0:26:13,32,,Пирожок,НАЛ,Продукты,,,,
09.12.2016 1:11:50,3000,,Театр,Сбербанк Маша,Развлечения,,,,
09.12.2016 4:52:51,250,,,НАЛ,Обед,,,,
09.12.2016 6:07:20,,32040,,ВТБ,ВТБ,,,,
09.12.2016 6:09:37,400,,Маша,НАЛ,Обед,,,,
09.12.2016 7:07:02,250,,Даша,Сбербанк Маша,Одежда,,,,
09.12.2016 7:07:30,100,,Канцтовары,Сбербанк Маша,Дашины занятия,,,,
09.12.2016 7:11:10,1000,,,Сбербанк Маша,На отпуск,,,,
09.12.2016 7:14:32,70,,Даша,Сбербанк Маша,Обед,,,,
09.12.2016 9:14:28,442,,,Сбербанк Маша,Продукты,,,,
09.12.2016 23:50:11,2600,,МГТС,Сбербанк Маша,Коммунальные расходы,,,,
10.12.2016 1:41:02,19723,,Зубы,ВТБ,Медицина,,,,
10.12.2016 3:40:25,386,,,ВТБ,Парфюмерия & косметика,,,,
10.12.2016 3:40:49,3182,,,ВТБ,Продукты,,,,
10.12.2016 20:55:50,374,,тортик на конюшню,НАЛ,Дашины занятия,,,,
10.12.2016 20:56:09,1500,,,НАЛ,Дашины занятия,,,,
10.12.2016 20:56:36,2500,,,Сбербанк зарплата,МинусКарта,,,,
10.12.2016 20:56:57,,2500,,НАЛ,ПлюсНалик,,,,
10.12.2016 20:57:38,1000,,бензин,НАЛ,Авто,,,,
10.12.2016 20:58:04,94,,ик приемник,НАЛ,Развлечения,,,,
11.12.2016 1:02:09,200,,,ВТБ,ВТБ,,,,
11.12.2016 1:03:25,100,,,НАЛ,Продукты,,,,
11.12.2016 3:08:17,440,,,НАЛ,Развлечения,,,,
11.12.2016 3:09:16,2500,,,ВТБ,МинусКарта,,,,
11.12.2016 3:10:09,,2500,,НАЛ,ПлюсНалик,,,,
11.12.2016 3:11:14,250,,,НАЛ,Продукты,,,,
11.12.2016 3:11:53,850,,,ВТБ,Подарки,,,,
12.12.2016 2:39:17,192,,,ВТБ,Продукты,,,,
12.12.2016 3:11:08,250,,,НАЛ,Обед,,,,
12.12.2016 9:04:55,207,,,ВТБ,Парфюмерия & косметика,,,,
12.12.2016 9:05:31,425,,,ВТБ,Продукты,,,,
12.12.2016 9:05:53,1000,,,НАЛ,Дашины занятия,,,,
13.12.2016 2:49:21,426,,,ВТБ,Обед,,,,
13.12.2016 2:49:36,64,,Пуговички,Сбербанк Маша,Одежда,,,,
13.12.2016 10:44:58,2300,,,ВТБ,Одежда,,,,
13.12.2016 10:47:15,250,,,НАЛ,Обед,,,,
13.12.2016 10:48:44,400,,,НАЛ,CORR,,,,
13.12.2016 21:14:37,650,,,ВТБ,Транспорт,,,,
13.12.2016 21:14:48,500,,,ВТБ,МинусКарта,,,,
13.12.2016 21:15:03,,500,,НАЛ,ПлюсНалик,,,,
14.12.2016 2:29:13,250,,,НАЛ,Обед,,,,
14.12.2016 6:56:23,,105000,,Сбербанк зарплата,Сбербанк зарплата,,,,
14.12.2016 6:56:44,10000,,,Сбербанк зарплата,МинусКарта,,,,
14.12.2016 7:01:05,382,,,НАЛ,Обед,,,,
14.12.2016 7:03:09,,10000,,Сбербанк Маша,ПлюсНалик,,,,
14.12.2016 7:06:00,1000,,,Сбербанк Маша,На отпуск,,,,
14.12.2016 7:06:01,9600,,,Сбербанк зарплата,Непредвиденные расходы,,,,
14.12.2016 9:11:49,505,,,ВТБ,Продукты,,,,
14.12.2016 9:12:23,5000,,,Сбербанк Маша,МинусКарта,,,,
14.12.2016 9:12:51,,5000,,НАЛ,ПлюсНалик,,,,
14.12.2016 9:13:18,766,,,НАЛ,Продукты,,,,
14.12.2016 9:13:36,1000,,,НАЛ,Дашины занятия,,,,
15.12.2016 0:30:42,120,,Даша,Сбербанк Маша,Обед,,,,
15.12.2016 0:33:18,,9600,,Сбербанк кредит,Сбербанк кредит,,,,
15.12.2016 0:40:44,69000,,,Сбербанк зарплата,Ипотека,,,,
15.12.2016 8:57:34,250,,,НАЛ,Обед,,,,
15.12.2016 8:57:50,279,,,НАЛ,Продукты,,,,
15.12.2016 11:35:33,2400,,,НАЛ,Парикмахерская,,,,
15.12.2016 11:36:00,132,,,НАЛ,Продукты,,,,
15.12.2016 11:36:27,600,,,НАЛ,Дашины занятия,,,,
15.12.2016 11:41:07,1000,,,Сбербанк зарплата,Сбербанк зарплата,,,,
15.12.2016 11:41:40,,1000,,НАЛ,ПлюсНалик,,,,
15.12.2016 11:46:21,500,,Потеряно,НАЛ,CORR,,,,
15.12.2016 11:47:13,100,,Потеряно,Сбербанк зарплата,CORR,,,,
15.12.2016 20:11:43,3000,,Выключаетель+ЦАП,Сбербанк зарплата,"Бытовая техника, мебель",,,,
15.12.2016 20:18:53,1000,,тест,Сбербанк зарплата,ПлюсОтпуск,,,,
15.12.2016 20:19:06,,1000,тест,"Отпуск, накопления",ПлюсОтпуск,,,,
15.12.2016 20:42:11,1000,,тест,"Отпуск, накопления",МинусОтпуск,,,,
15.12.2016 20:44:59,,1000,тест,Сбербанк зарплата,МинусОтпуск,,,,
15.12.2016 23:47:46,113,,Завтрак Маша,НАЛ,Обед,,,,
15.12.2016 23:58:25,,3000,,"Отпуск, накопления",ПлюсОтпуск,,,,
16.12.2016 5:14:52,3500,,,Сбербанк Маша,МинусКарта,,,,
16.12.2016 5:15:03,,3500,,НАЛ,ПлюсНалик,,,,
16.12.2016 5:15:18,280,,Колготки,НАЛ,Одежда,,,,
16.12.2016 22:25:47,561,,,НАЛ,Продукты,,,,
16.12.2016 22:26:05,3000,,,Сбербанк зарплата,МинусКарта,,,,
16.12.2016 22:26:23,,3000,,НАЛ,ПлюсНалик,,,,
17.12.2016 0:27:29,1900,,Такси,НАЛ,Транспорт,,,,
17.12.2016 3:20:10,4255,,,Росбанк кредит,Одежда,,,,
17.12.2016 3:21:51,3541,,,Сбербанк зарплата,Продукты,,,,
17.12.2016 3:22:17,980,,,НАЛ,Подарки,,,,
17.12.2016 3:51:25,600,,ремонт свитера,НАЛ,Одежда,,,,
18.12.2016 1:55:40,,10000,Перемога от бабушки ,НАЛ,Прочие доходы,,,,
18.12.2016 2:00:06,1200,,,НАЛ,Дашины занятия,,,,
18.12.2016 2:03:09,200,,На плюшки,НАЛ,Дашины занятия,,,,
18.12.2016 5:05:01,3000,,Банкет Италония,НАЛ,Развлечения,,,,
18.12.2016 5:05:42,744,,,НАЛ,Продукты,,,,
18.12.2016 10:14:43,600,,ремонт сапог,НАЛ,Одежда,,,,
19.12.2016 0:56:25,500,,барахло Сафронова,НАЛ,Непредвиденные расходы,,,,
19.12.2016 0:56:51,,500,барахло Сафронова,Сбербанк зарплата,ПлюсКарта,,,,
19.12.2016 2:55:17,160,,Даша,Сбербанк Маша,Обед,,,,
19.12.2016 2:56:40,315,,,НАЛ,Обед,,,,
19.12.2016 3:35:26,250,,,НАЛ,Обед,,,,
19.12.2016 8:30:29,2000,,,Сбербанк зарплата,МинусКарта,,,,
19.12.2016 8:31:05,,2000,,НАЛ,ПлюсНалик,,,,
19.12.2016 8:32:02,,20600,,Сбербанк зарплата,Сбербанк зарплата,,,,
19.12.2016 8:32:25,361,,,Сбербанк Маша,Продукты,,,,
19.12.2016 8:32:52,250,,,Сбербанк зарплата,Мобильная связь,,,,
19.12.2016 8:33:28,3270,,,Сбербанк Маша,Подарки,,,,
19.12.2016 8:34:54,5000,,,НАЛ,МинусНалик,,,,
19.12.2016 8:35:17,,5000,,Сбербанк Маша,ПлюсКарта,,,,
19.12.2016 8:36:05,,30584,,ВТБ,ВТБ,,,,
19.12.2016 8:40:37,1000,,,Сбербанк Маша,На отпуск,,,,
19.12.2016 8:41:24,,1000,,"Отпуск, накопления",ПлюсОтпуск,,,,
19.12.2016 8:47:07,1000,,,НАЛ,Дашины занятия,,,,
19.12.2016 21:19:14,"1100,66",,,ВТБ,Коммунальные расходы,,,,
19.12.2016 21:24:22,"6426,65",,,ВТБ,Коммунальные расходы,,,,
19.12.2016 21:28:37,250,,,НАЛ,Продукты,,,,
19.12.2016 22:48:44,2000,,,Сбербанк зарплата,МинусКарта,,,,
19.12.2016 22:49:03,3287,,,Сбербанк зарплата,МинусКарта,,,,
19.12.2016 22:51:10,,3287,,Сбербанк кредит,ПлюсКарта,,,,
19.12.2016 22:51:54,,2000,,Сбербанк Маша,ПлюсКарта,,,,
19.12.2016 22:54:09,"1912,87",,,Сбербанк Маша,Коммунальные расходы,,,,
20.12.2016 2:27:31,315,,Маша,НАЛ,Обед,,,,
20.12.2016 2:27:47,160,,Даша,Сбербанк Маша,Обед,,,,
20.12.2016 11:37:15,3000,,,ВТБ,МинусКарта,,,,
20.12.2016 11:37:29,,3000,,НАЛ,ПлюсНалик,,,,
20.12.2016 11:37:59,1000,,,НАЛ,Продукты,,,,
21.12.2016 1:12:22,100,,Даша,Сбербанк Маша,Обед,,,,
21.12.2016 1:12:34,100,,Даша,ВТБ,Обед,,,,
21.12.2016 1:12:50,100,,Зубная фея,НАЛ,Подарки,,,,
21.12.2016 1:25:43,300,,,Сбербанк Маша,МинусКарта,,,,
21.12.2016 1:25:53,,300,,НАЛ,ПлюсНалик,,,,
21.12.2016 1:28:15,105,,,НАЛ,Обед,,,,
21.12.2016 2:42:04,300,,маленькие Олейниковы,НАЛ,Подарки,,,,
21.12.2016 2:42:40,235,,,НАЛ,Обед,,,,
21.12.2016 2:43:04,2145,,большие Олейниковы,ВТБ,Подарки,,,,
21.12.2016 3:20:43,250,,,НАЛ,Обед,,,,
21.12.2016 6:41:30,2000,,,ВТБ,МинусКарта,,,,
21.12.2016 6:41:55,,2000,,НАЛ,ПлюсНалик,,,,
21.12.2016 7:37:44,1000,,Пицца,НАЛ,Развлечения,,,,
21.12.2016 7:38:21,234,,сок,Сбербанк зарплата,Продукты,,,,
21.12.2016 9:50:43,1400,,,НАЛ,Дашины занятия,,,,
21.12.2016 9:51:14,420,,,НАЛ,Медицина,,,,
22.12.2016 5:41:59,250,,,НАЛ,Обед,,,,
22.12.2016 5:42:15,1000,,,Сбербанк зарплата,МинусКарта,,,,
22.12.2016 5:42:35,,1000,,НАЛ,ПлюсНалик,,,,
22.12.2016 9:11:38,1100,,,НАЛ,Продукты,,,,
22.12.2016 9:12:42,300,,,НАЛ,Дашины занятия,,,,
22.12.2016 22:06:40,2000,,,ВТБ,МинусКарта,,,,
22.12.2016 22:06:52,,2000,,НАЛ,ПлюсНалик,,,,
23.12.2016 4:11:28,280,,,НАЛ,Подарки,,,,
23.12.2016 4:11:59,150,,Даша,ВТБ,Обед,,,,
23.12.2016 4:12:24,380,,,НАЛ,Обед,,,,
23.12.2016 4:15:21,,1700,Возврат за такси,НАЛ,Транспорт,,,,
23.12.2016 20:22:04,829,,конфетки,НАЛ,Продукты,,,,
23.12.2016 20:23:40,1620,,карта тройка для Павлика,Сбербанк зарплата,МинусКарта,,,,
23.12.2016 20:24:07,,1620,,НАЛ,ПлюсНалик,,,,
23.12.2016 20:25:55,,30500,,ВТБ,ВТБ,,,,
24.12.2016 1:09:42,1200,,,НАЛ,Дашины занятия,,,,
24.12.2016 2:11:17,4000,,,ВТБ,МинусКарта,,,,
24.12.2016 2:11:52,,4000,,НАЛ,ПлюсНалик,,,,
24.12.2016 3:59:29,1830,,бензин,Сбербанк зарплата,Авто,,,,
25.12.2016 0:46:32,3500,,,НАЛ,Дашины занятия,,,,
25.12.2016 0:47:03,150,,,НАЛ,Транспорт,,,,
25.12.2016 0:47:31,350,,Плюшки Даше,НАЛ,Продукты,,,,
25.12.2016 1:17:45,550,,,НАЛ,Парфюмерия & косметика,,,,
25.12.2016 9:37:31,400,,Такси,НАЛ,Транспорт,,,,
25.12.2016 9:37:51,160,,,НАЛ,Продукты,,,,
25.12.2016 9:38:29,21956,,,Росбанк кредит,Развлечения,,,,
25.12.2016 9:38:48,1000,,ресторан,НАЛ,Развлечения,,,,
25.12.2016 9:40:31,250,,,НАЛ,Коммунальные расходы,,,,
25.12.2016 9:43:15,3843,,,Сбербанк зарплата,Подарки,,,,
25.12.2016 9:47:42,829,,,Сбербанк зарплата,Продукты,,,,
25.12.2016 10:37:25,"7777,87",,,ВТБ,Коммунальные расходы,,,,
26.12.2016 3:35:12,320,,,НАЛ,Обед,,,,
26.12.2016 3:35:28,310,,,НАЛ,Продукты,,,,
26.12.2016 10:28:31,310,,Колготки,ВТБ,Одежда,,,,
26.12.2016 10:28:49,353,,,ВТБ,Продукты,,,,
26.12.2016 10:29:03,303,,,НАЛ,Продукты,,,,
26.12.2016 10:29:36,567,,,ВТБ,Дашины занятия,,,,
26.12.2016 10:29:54,648,,,НАЛ,Развлечения,,,,
26.12.2016 10:30:12,830,,,ВТБ,Развлечения,,,,
26.12.2016 10:30:55,2500,,,ВТБ,МинусКарта,,,,
26.12.2016 10:31:09,,2500,,НАЛ,ПлюсНалик,,,,
26.12.2016 10:31:19,1400,,,НАЛ,Дашины занятия,,,,
27.12.2016 0:16:22,368,,кофе в офис+шоколадка,Сбербанк зарплата,Непредвиденные расходы,,,,
27.12.2016 3:15:10,220,,,НАЛ,Обед,,,,
27.12.2016 3:15:27,730,,,Сбербанк зарплата,МинусКарта,,,,
27.12.2016 3:15:59,,730,паяльник,Сбербанк интернет,ПлюсКарта,,,,
27.12.2016 3:16:25,730,,,Сбербанк интернет,"Бытовая техника, мебель",,,,
27.12.2016 9:54:24,303,,,ВТБ,Продукты,,,,
27.12.2016 9:54:45,650,,,ВТБ,Транспорт,,,,
27.12.2016 9:55:47,400,,,НАЛ,Продукты,,,,
27.12.2016 10:47:11,190,,,НАЛ,Продукты,,,,
27.12.2016 23:41:35,130,,mobile,Сбербанк зарплата,Мобильная связь,,,,
28.12.2016 0:58:00,2000,,,ВТБ,МинусКарта,,,,
28.12.2016 0:58:33,,2000,,НАЛ,ПлюсНалик,,,,
28.12.2016 0:58:49,150,,Даша,ВТБ,Обед,,,,
28.12.2016 2:39:14,900,,,НАЛ,Одежда,,,,
28.12.2016 2:39:23,282,,,НАЛ,Обед,,,,
28.12.2016 4:11:04,250,,,НАЛ,Обед,,,,
28.12.2016 4:11:21,1000,,,Сбербанк зарплата,МинусКарта,,,,
28.12.2016 4:11:33,,1000,,НАЛ,ПлюсНалик,,,,
28.12.2016 9:18:22,2323,,,ВТБ,Продукты,,,,
28.12.2016 20:07:46,200,,,НАЛ,Подарки,,,,
29.12.2016 3:27:47,200,,атласные ленточки,НАЛ,Дашины занятия,,,,
29.12.2016 3:27:58,250,,,НАЛ,Обед,,,,
29.12.2016 3:28:58,50,,,Сбербанк зарплата,Мобильная связь,,,,
29.12.2016 10:54:16,1000,,,ВТБ,МинусКарта,,,,
29.12.2016 10:55:05,,1000,,НАЛ,ПлюсНалик,,,,
29.12.2016 10:57:40,882,,,НАЛ,Продукты,,,,
29.12.2016 23:16:22,,190,Даша вернула сдачу,НАЛ,ПлюсНалик,,,,
29.12.2016 23:16:35,2000,,,Сбербанк зарплата,МинусКарта,,,,
29.12.2016 23:16:48,,2000,,НАЛ,ПлюсНалик,,,,
29.12.2016 23:17:01,460,,,НАЛ,Продукты,,,,
29.12.2016 23:17:14,360,,,НАЛ,Продукты,,,,
30.12.2016 4:23:54,375,,,ВТБ,Обед,,,,
30.12.2016 4:50:48,1990,,,Сбербанк зарплата,"Бытовая техника, мебель",,,,
30.12.2016 4:51:13,3000,,,Сбербанк зарплата,МинусКарта,,,,
30.12.2016 4:51:32,,3000,,Сбербанк Маша,ПлюсКарта,,,,
30.12.2016 10:45:23,325,,,ВТБ,Продукты,,,,
30.12.2016 10:45:51,620,,,НАЛ,Продукты,,,,
31.12.2016 0:11:13,508,,,НАЛ,Продукты,,,,
31.12.2016 0:11:57,1200,,,НАЛ,Дашины занятия,,,,
31.12.2016 0:13:03,2500,,,Сбербанк Маша,МинусКарта,,,,
31.12.2016 0:13:25,,2500,,НАЛ,ПлюсНалик,,,,
31.12.2016 0:26:14,100,,,НАЛ,Подарки,,,,
31.12.2016 0:26:36,150,,,НАЛ,Обед,,,,
31.12.2016 0:26:36,,80000,Перемога,НАЛ,ПлюсНалик,,,,
01.01.2017 4:06:33,1000,,,НАЛ,Обед,,,,
01.01.2017 4:31:01,,24400,,Сбербанк зарплата,ПлюсКарта,,,,
01.01.2017 5:24:33,20000,,,НАЛ,МинусНалик,,,,
01.01.2017 5:25:13,,20000,,"Отпуск, накопления",На отпуск,,,,
01.01.2017 5:32:03,1617,,,ВТБ,Продукты,,,,
01.01.2017 5:38:14,8154,,,ВТБ,Коммунальные расходы,,,,
31.12.2016 0:26:14,100,,,НАЛ,Транспорт,,,,
31.12.2016 0:26:14,700,,,НАЛ,Одежда,,,,
01.01.2017 9:30:14,500,,Благотворительность ,ВТБ,Непредвиденные расходы,,,,
01.01.2017 22:38:44,400,,Платная дорога ,НАЛ,Развлечения,,,,
02.01.2017 0:44:02,520,,,ВТБ,Продукты,,,,
02.01.2017 0:44:50,1612,,Бензин,ВТБ,Авто,,,,
02.01.2017 4:06:54,426,,,ВТБ,Обед,,,,
02.01.2017 4:18:00,1000,,,НАЛ,Авто,,,,
03.01.2017 2:53:04,80,,,НАЛ,Транспорт,,,,
03.01.2017 2:54:18,5450,,Телефон Даше,ВТБ,"Бытовая техника, мебель",,,,
03.01.2017 2:55:17,2850,,Ботинки Даше,НАЛ,Одежда,,,,
03.01.2017 2:56:03,533,,,ВТБ,Обед,,,,
03.01.2017 5:33:42,580,,,ВТБ,Дашины занятия,,,,
03.01.2017 5:34:04,650,,,НАЛ,Подарки,,,,
03.01.2017 5:34:36,531,,,ВТБ,Подарки,,,,
03.01.2017 5:35:02,1381,,,НАЛ,Подарки,,,,
03.01.2017 5:35:39,300,,,ВТБ,Мобильная связь,,,,
03.01.2017 21:41:47,890,,,НАЛ,Продукты,,,,
03.01.2017 21:42:26,1783,,бензин,НАЛ,Авто,,,,
04.01.2017 4:16:31,200,,,Сбербанк зарплата,Мобильная связь,,,,
04.01.2017 12:08:38,200,,,Сбербанк Маша,Мобильная связь,,,,
05.01.2017 6:30:10,221,,кофе,НАЛ,Продукты,,,,
05.01.2017 6:31:21,156,,маркер,НАЛ,"Бытовая техника, мебель",,,,
05.01.2017 6:31:57,455,,,НАЛ,Продукты,,,,
05.01.2017 6:32:25,2200,,,НАЛ,Парикмахерская,,,,
06.01.2017 1:52:07,984,,бабушка лекарства,Сбербанк зарплата,Медицина,,,,
06.01.2017 1:52:38,1867,,,Сбербанк зарплата,Продукты,,,,
06.01.2017 5:13:30,1600,,,НАЛ,Развлечения,,,,
06.01.2017 5:13:47,900,,,НАЛ,Одежда,,,,
07.01.2017 0:53:48,308,,,ВТБ,Продукты,,,,
07.01.2017 0:55:00,1927,,,Сбербанк зарплата,Авто,,,,
07.01.2017 6:12:35,1317,,,Сбербанк зарплата,Авто,,,,
08.01.2017 0:32:32,3475,,,Сбербанк зарплата,Продукты,,,,
08.01.2017 0:32:50,298,,,НАЛ,Продукты,,,,
08.01.2017 0:36:03,1000,,,Сбербанк зарплата,Развлечения,,,,
08.01.2017 0:38:18,1616,,,НАЛ,Развлечения,,,,
08.01.2017 5:04:57,11800,,,НАЛ,Одежда,,,,
08.01.2017 7:01:06,2000,,,Сбербанк зарплата,МинусКарта,,,,
08.01.2017 7:01:23,,2000,,Сбербанк Маша,ПлюсКарта,,,,
08.01.2017 7:01:36,1200,,,Сбербанк Маша,Одежда,,,,
08.01.2017 7:01:55,260,,,НАЛ,Развлечения,,,,
08.01.2017 7:05:03,9012,,Лыжи,Росбанк кредит,Развлечения,,,,
08.01.2017 7:05:46,500,,,НАЛ,Парикмахерская,,,,
08.01.2017 7:06:06,400,,Мойка машины,НАЛ,Авто,,,,
08.01.2017 23:06:54,300,,,Сбербанк Маша,Развлечения,,,,
08.01.2017 23:07:07,200,,Даша,Сбербанк Маша,Обед,,,,
09.01.2017 6:47:51,347,,,НАЛ,Парфюмерия & косметика,,,,
09.01.2017 6:48:16,69,,,НАЛ,Одежда,,,,
09.01.2017 6:48:40,57,,,Сбербанк Маша,Дашины занятия,,,,
09.01.2017 8:37:19,419,,Хозтовары,НАЛ,"Бытовая техника, мебель",,,,
09.01.2017 8:38:16,252,,,НАЛ,Продукты,,,,
09.01.2017 8:38:27,1000,,,НАЛ,Дашины занятия,,,,
09.01.2017 9:02:58,48,,,НАЛ,Продукты,,,,
09.01.2017 9:03:28,325,,,НАЛ,Обед,,,,
09.01.2017 21:13:23,500,,,Сбербанк Маша,Мобильная связь,,,,
10.01.2017 4:13:52,530,,,НАЛ,Обед,,,,
10.01.2017 9:02:52,479,,,Сбербанк зарплата,Продукты,,,,
10.01.2017 9:03:20,440,,,НАЛ,Продукты,,,,
10.01.2017 9:04:56,150,,,НАЛ,Продукты,,,,
10.01.2017 9:05:36,96,,,НАЛ,Дашины занятия,,,,
11.01.2017 2:47:40,250,,,НАЛ,Обед,,,,
11.01.2017 2:48:04,66,,Орбит,НАЛ,Продукты,,,,
11.01.2017 3:13:43,100,,,ВТБ,Мобильная связь,,,,
11.01.2017 3:13:56,100,,,НАЛ,Обед,,,,
11.01.2017 7:53:51,3500,,,Сбербанк зарплата,МинусКарта,,,,
11.01.2017 7:54:46,,3500,,НАЛ,ПлюсНалик,,,,
11.01.2017 7:55:12,1300,,,НАЛ,Медицина,,,,
11.01.2017 7:55:51,1300,,,НАЛ,Одежда,,,,
11.01.2017 7:56:08,1000,,,НАЛ,Дашины занятия,,,,
11.01.2017 8:10:20,-1300,,,НАЛ,Медицина,,,,
11.01.2017 8:10:44,481,,,НАЛ,Продукты,,,,
11.01.2017 9:44:05,1400,,,НАЛ,Медицина,,,,
12.01.2017 2:15:55,150,,,НАЛ,Обед,,,,
12.01.2017 2:16:19,500,,,"Отпуск, накопления",МинусОтпуск,,,,
12.01.2017 2:16:36,,500,,Сбербанк Маша,ПлюсКарта,,,,
12.01.2017 2:17:19,400,,Даша +коррекция,Сбербанк Маша,Обед,,,,
12.01.2017 2:18:45,250,,,НАЛ,Обед,,,,
12.01.2017 8:17:01,50,,,НАЛ,Продукты,,,,
12.01.2017 9:50:04,2000,,,НАЛ,МинусНалик,,,,
12.01.2017 9:50:23,,2000,,Сбербанк Маша,ПлюсКарта,,,,
12.01.2017 9:50:38,1100,,,Сбербанк Маша,Парикмахерская,,,,
12.01.2017 9:50:55,191,,,Сбербанк Маша,Продукты,,,,
12.01.2017 9:54:59,500,,,Сбербанк Маша,МинусКарта,,,,
12.01.2017 9:55:15,,500,,"Отпуск, накопления",ПлюсОтпуск,,,,
12.01.2017 10:01:20,1000,,,НАЛ,МинусНалик,,,,
12.01.2017 10:01:31,,1000,,Сбербанк Маша,ПлюсКарта,,,,
12.01.2017 10:41:11,2000,,,НАЛ,Дашины занятия,,,,
13.01.2017 3:22:24,560,,,НАЛ,Одежда,,,,
13.01.2017 3:22:57,430,,,НАЛ,Обед,,,,
13.01.2017 3:29:41,,105000,,Сбербанк зарплата,Сбербанк зарплата,,,,
13.01.2017 3:29:59,250,,,НАЛ,Обед,,,,
13.01.2017 9:17:22,1700,,,НАЛ,Транспорт,,,,
13.01.2017 9:17:46,1713,,,НАЛ,Продукты,,,,
14.01.2017 8:46:34,498,,,Сбербанк зарплата,Обед,,,,
14.01.2017 8:46:47,50000,,,Сбербанк зарплата,МинусКарта,,,,
14.01.2017 8:47:01,,50000,,НАЛ,ПлюсНалик,,,,
14.01.2017 10:47:48,2300,,,НАЛ,Продукты,,,,
14.01.2017 11:14:57,1000,,,Сбербанк зарплата,МинусКарта,,,,
14.01.2017 11:15:14,,1000,,Сбербанк интернет,ПлюсКарта,,,,
14.01.2017 11:15:35,1000,,третьяковка,Сбербанк интернет,Развлечения,,,,
15.01.2017 1:03:36,1200,,,НАЛ,Дашины занятия,,,,
15.01.2017 1:03:54,215,,,НАЛ,Парфюмерия & косметика,,,,
15.01.2017 1:04:09,650,,,НАЛ,Дашины занятия,,,,
15.01.2017 1:04:21,1488,,,Сбербанк Маша,Дашины занятия,,,,
15.01.2017 1:09:00,400,,,НАЛ,Продукты,,,,
15.01.2017 1:10:17,300,,,НАЛ,CORR,,,,
15.01.2017 23:34:35,55000,,,Сбербанк зарплата,МинусКарта,,,,
15.01.2017 23:34:48,,55000,,НАЛ,ПлюсНалик,,,,
15.01.2017 23:34:59,68500,,,НАЛ,Ипотека,,,,
15.01.2017 23:37:07,,35000,,Росбанк кредит,ПлюсКарта,,,,
16.01.2017 0:21:52,"2769,9",,Налоги,Сбербанк Маша,Коммунальные расходы,,,,
16.01.2017 0:22:22,,3000,,Сбербанк Маша,ПлюсКарта,,,,
16.01.2017 0:22:09,3000,,,"Отпуск, накопления",МинусОтпуск,,,,
16.01.2017 0:26:39,35000,,,НАЛ,Непредвиденные расходы,,,,
16.01.2017 0:56:03,1649,,МГТС ,Сбербанк зарплата,Коммунальные расходы,,,,
16.01.2017 0:56:28,1500,,штраф ГИБДД,Сбербанк зарплата,Авто,,,,
16.01.2017 0:58:00,1045,,Налог на имущество,Сбербанк зарплата,Коммунальные расходы,,,,
16.01.2017 3:19:25,850,,,НАЛ,Обед,,,,
16.01.2017 3:56:16,250,,,НАЛ,Обед,,,,
16.01.2017 3:56:59,400,,кофе в офис + шоколадка,НАЛ,Продукты,,,,
16.01.2017 9:13:53,1500,,,НАЛ,Парикмахерская,,,,
16.01.2017 9:14:12,750,,,НАЛ,Продукты,,,,
16.01.2017 9:14:25,1000,,,НАЛ,Дашины занятия,,,,
17.01.2017 2:57:53,250,,,НАЛ,Обед,,,,
17.01.2017 6:28:07,500,,,НАЛ,Обед,,,,
17.01.2017 9:43:45,1000,,,НАЛ,Продукты,,,,
17.01.2017 9:44:16,,32383,,ВТБ,ВТБ,,,,
17.01.2017 9:50:50,1700,,,Сбербанк зарплата,Транспорт,,,,
18.01.2017 8:43:03,3000,,,ВТБ,МинусКарта,,,,
18.01.2017 8:43:31,,3000,,НАЛ,ПлюсНалик,,,,
18.01.2017 8:43:55,5500,,,ВТБ,Одежда,,,,
18.01.2017 8:44:20,1700,,,ВТБ,Транспорт,,,,
18.01.2017 9:32:39,250,,,НАЛ,Обед,,,,
18.01.2017 9:48:11,1000,,,НАЛ,Дашины занятия,,,,
18.01.2017 9:49:01,6000,,,НАЛ,На отпуск,,,,
18.01.2017 9:49:14,,6000,,"Отпуск, накопления",ПлюсОтпуск,,,,
19.01.2017 2:53:36,250,,,НАЛ,Обед,,,,
19.01.2017 3:04:04,375,,,ВТБ,Обед,,,,
19.01.2017 8:58:35,2800,,,ВТБ,МинусКарта,,,,
19.01.2017 8:59:14,,1800,,НАЛ,ПлюсНалик,,,,
19.01.2017 9:00:36,400,,,НАЛ,Подарки,,,,
19.01.2017 9:01:31,1000,,,НАЛ,Продукты,,,,
19.01.2017 9:56:03,800,,,НАЛ,Дашины занятия,,,,
19.01.2017 9:56:28,600,,,НАЛ,Парикмахерская,,,,
19.01.2017 9:57:36,,1000,,НАЛ,ПлюсНалик,,,,
19.01.2017 10:08:49,3000,,,ВТБ,Развлечения,,,,
19.01.2017 21:27:59,525,,,ВТБ,Подарки,,,,
20.01.2017 3:23:21,400,,,НАЛ,Обед,,,,
20.01.2017 8:02:04,3000,,,ВТБ,МинусКарта,,,,
20.01.2017 8:02:28,,3000,,НАЛ,ПлюсНалик,,,,
20.01.2017 9:10:10,369,,,НАЛ,Продукты,,,,
20.01.2017 10:45:25,250,,,НАЛ,Обед,,,,
20.01.2017 10:46:02,,20600,,Сбербанк зарплата,Сбербанк зарплата,,,,
20.01.2017 10:46:44,300,,пиво+орбит,НАЛ,Развлечения,,,,
20.01.2017 10:46:56,1000,,,Сбербанк зарплата,МинусКарта,,,,
20.01.2017 10:47:09,,1000,,НАЛ,ПлюсНалик,,,,
20.01.2017 11:21:36,100,,,ВТБ,Мобильная связь,,,,
20.01.2017 23:44:05,1250,,,НАЛ,Дашины занятия,,,,
21.01.2017 8:48:26,550,,,ВТБ,Развлечения,,,,
21.01.2017 8:48:44,1740,,,ВТБ,Обед,,,,
21.01.2017 8:51:15,200,,,ВТБ,CORR,,,,
21.01.2017 9:56:03,1500,,,НАЛ,CORR,,,,
22.01.2017 2:23:23,831,,запчасти к выключателю,Сбербанк зарплата,"Бытовая техника, мебель",,,,
22.01.2017 2:24:06,1747,,,Сбербанк зарплата,Авто,,,,
22.01.2017 2:24:21,3000,,,Сбербанк зарплата,МинусКарта,,,,
22.01.2017 2:24:34,,3000,,НАЛ,ПлюсНалик,,,,
22.01.2017 4:30:52,600,,,НАЛ,Продукты,,,,
22.01.2017 4:31:13,357,,,ВТБ,"Бытовая техника, мебель",,,,
22.01.2017 7:42:38,715,,,ВТБ,Продукты,,,,
22.01.2017 23:30:08,150,,кофе+круассан,НАЛ,Обед,,,,
23.01.2017 3:12:50,200,,,НАЛ,Подарки,,,,
23.01.2017 3:13:02,350,,очки,НАЛ,Непредвиденные расходы,,,,
23.01.2017 3:13:15,200,,Даша,ВТБ,Обед,,,,
23.01.2017 8:06:27,900,,Коробка для шитья,ВТБ,Дашины занятия,,,,
23.01.2017 9:21:37,250,,,НАЛ,Обед,,,,
23.01.2017 23:30:53,2730,,подарок Павлику,Сбербанк зарплата,Подарки,,,,
24.01.2017 3:50:44,120,,,НАЛ,Обед,,,,
24.01.2017 3:53:16,250,,,НАЛ,Обед,,,,
24.01.2017 3:53:03,1000,,,НАЛ,Дашины занятия,,,,
24.01.2017 4:01:13,700,,,НАЛ,CORR,,,,
24.01.2017 8:55:18,2000,,,ВТБ,МинусКарта,,,,
24.01.2017 8:55:41,,2000,,НАЛ,ПлюсНалик,,,,
24.01.2017 8:56:29,700,,,НАЛ,Продукты,,,,
24.01.2017 9:48:17,254,,зубная щетка,НАЛ,Медицина,,,,
24.01.2017 9:49:05,400,,на зубы,НАЛ,Медицина,,,,
25.01.2017 4:29:51,250,,,НАЛ,Обед,,,,
25.01.2017 5:32:04,150,,,НАЛ,Обед,,,,
25.01.2017 9:02:20,171,,,ВТБ,Продукты,,,,
25.01.2017 9:02:48,355,,,НАЛ,Продукты,,,,
25.01.2017 10:47:05,350,,Рамка,НАЛ,"Бытовая техника, мебель",,,,
26.01.2017 2:48:26,230,,,НАЛ,Обед,,,,
26.01.2017 2:49:09,2000,,,Сбербанк зарплата,МинусКарта,,,,
26.01.2017 2:49:30,,2000,,Сбербанк Маша,ПлюсКарта,,,,
26.01.2017 2:51:33,1000,,,Сбербанк Маша,Дашины занятия,,,,
26.01.2017 3:10:56,250,,,НАЛ,Обед,,,,
26.01.2017 3:11:13,800,,,Сбербанк зарплата,МинусКарта,,,,
26.01.2017 3:11:25,,800,,НАЛ,ПлюсНалик,,,,
26.01.2017 8:40:21,1500,,,ВТБ,МинусКарта,,,,
26.01.2017 8:41:19,,1500,,НАЛ,ПлюсНалик,,,,
26.01.2017 8:41:32,605,,,НАЛ,Продукты,,,,
26.01.2017 8:41:40,500,,,НАЛ,Подарки,,,,
26.01.2017 9:09:30,300,,,НАЛ,Продукты,,,,
27.01.2017 6:31:06,500,,,НАЛ,Обед,,,,
27.01.2017 9:15:57,2000,,,ВТБ,МинусКарта,,,,
27.01.2017 9:16:12,,2000,,НАЛ,ПлюсНалик,,,,
27.01.2017 9:16:35,335,,,ВТБ,Продукты,,,,
27.01.2017 9:16:47,300,,,НАЛ,Продукты,,,,
27.01.2017 9:17:00,360,,,НАЛ,Обед,,,,
27.01.2017 9:17:15,200,,,НАЛ,Дашины занятия,,,,
28.01.2017 1:49:29,375,,,Сбербанк зарплата,Подарки,,,,
28.01.2017 6:34:30,1746,,,Сбербанк зарплата,Продукты,,,,
28.01.2017 13:20:19,3500,,,Сбербанк зарплата,МинусКарта,,,,
28.01.2017 13:20:35,,3500,,НАЛ,ПлюсНалик,,,,
28.01.2017 13:20:51,950,,пиво,НАЛ,Развлечения,,,,
28.01.2017 13:21:03,100,,,НАЛ,Медицина,,,,
28.01.2017 13:25:42,1000,,пицца,НАЛ,Продукты,,,,
29.01.2017 10:22:22,700,,,НАЛ,Продукты,,,,
29.01.2017 10:22:40,1500,,,НАЛ,Дашины занятия,,,,
30.01.2017 1:53:48,272,,,НАЛ,Обед,,,,
30.01.2017 1:54:05,200,,Даша,Сбербанк Маша,Обед,,,,
30.01.2017 2:11:20,256,,,Сбербанк Маша,Продукты,,,,
30.01.2017 2:52:41,250,,,НАЛ,Обед,,,,
30.01.2017 11:07:40,500,,,НАЛ,Дашины занятия,,,,
31.01.2017 3:25:03,375,,,Сбербанк Маша,Обед,,,,
31.01.2017 5:38:15,250,,,НАЛ,Обед,,,,
31.01.2017 9:26:17,1127,,,ВТБ,Продукты,,,,
01.02.2017 3:22:58,800,,,Сбербанк зарплата,МинусКарта,,,,
01.02.2017 3:23:10,800,,,НАЛ,ПлюсНалик,,,,
01.02.2017 3:23:21,250,,,НАЛ,Обед,,,,
01.02.2017 8:09:00,370,,,Сбербанк Маша,Развлечения,,,,
01.02.2017 9:09:35,620,,,Сбербанк зарплата,Медицина,,,,
01.02.2017 9:09:56,1500,,,Сбербанк Маша,МинусКарта,,,,
01.02.2017 9:10:21,,1500,,НАЛ,ПлюсНалик,,,,
01.02.2017 9:12:08,1000,,,НАЛ,Дашины занятия,,,,
01.02.2017 9:13:59,3000,,,Сбербанк зарплата,МинусКарта,,,,
01.02.2017 9:14:17,,3000,,Сбербанк Маша,ПлюсКарта,,,,
01.02.2017 9:21:06,,1600,,НАЛ,ПлюсНалик,,,,
02.02.2017 5:28:43,350,,,НАЛ,Обед,,,,
02.02.2017 8:17:50,2000,,,"Отпуск, накопления",МинусОтпуск,,,,
02.02.2017 8:18:00,,2000,,Сбербанк Маша,ПлюсКарта,,,,
02.02.2017 8:18:18,288,,,Сбербанк Маша,Продукты,,,,
02.02.2017 8:18:39,312,,,Сбербанк Маша,Продукты,,,,
02.02.2017 8:18:49,100,,,НАЛ,Продукты,,,,
02.02.2017 8:19:09,301,,,ВТБ,Парфюмерия & косметика,,,,
02.02.2017 8:19:23,153,,,НАЛ,Продукты,,,,
02.02.2017 8:20:38,1800,,,Сбербанк Маша,МинусКарта,,,,
02.02.2017 8:20:49,,1800,,НАЛ,ПлюсНалик,,,,
02.02.2017 8:29:33,,800,возврат за билеты в третьяковку,Сбербанк зарплата,Сбербанк зарплата,,,,
02.02.2017 8:29:50,250,,,НАЛ,Обед,,,,
02.02.2017 8:30:41,1000,,,Сбербанк зарплата,МинусКарта,,,,
02.02.2017 8:30:53,,1000,,НАЛ,ПлюсНалик,,,,
03.02.2017 2:30:36,350,,,Сбербанк Маша,Мобильная связь,,,,
03.02.2017 2:31:21,123,,,Сбербанк Маша,CORR,,,,
03.02.2017 2:52:15,100,,,НАЛ,Продукты,,,,
03.02.2017 2:52:26,100,,,НАЛ,Транспорт,,,,
04.02.2017 5:40:12,4580,,,Сбербанк кредит,Продукты,,,,
04.02.2017 5:41:04,250,,,НАЛ,Обед,,,,
04.02.2017 5:43:16,500,,,НАЛ,CORR,,,,
05.02.2017 0:07:08,350,,,Сбербанк кредит,Продукты,,,,
06.02.2017 5:28:50,400,,ДР коллеги,НАЛ,Подарки,,,,
06.02.2017 19:38:10,250,,,НАЛ,Обед,,,,
06.02.2017 19:39:50,130,,вилки электрические,НАЛ,Развлечения,,,,
06.02.2017 19:40:02,31,,,НАЛ,Продукты,,,,
06.02.2017 19:41:39,120,,,НАЛ,CORR,,,,
07.02.2017 2:17:14,250,,,НАЛ,Обед,,,,
07.02.2017 2:22:34,200,,,ВТБ,МинусКарта,,,,
07.02.2017 2:22:51,,200,,НАЛ,ПлюсНалик,,,,
07.02.2017 2:23:16,120,,,НАЛ,Обед,,,,
07.02.2017 7:32:15,200,,,НАЛ,Подарки,,,,
07.02.2017 19:54:19,,24400,,Сбербанк зарплата,Сбербанк зарплата,,,,
07.02.2017 19:55:16,750,,годовое обслужи вание новой карты,Сбербанк зарплата,Непредвиденные расходы,,,,
07.02.2017 19:55:42,7000,,,Сбербанк зарплата,МинусКарта,,,,
07.02.2017 19:56:01,,7000,,Сбербанк Маша,ПлюсКарта,,,,
07.02.2017 19:56:34,100,,циркуль,НАЛ,Дашины занятия,,,,
07.02.2017 23:13:17,1500,,,Сбербанк Маша,МинусКарта,,,,
07.02.2017 23:13:38,,1500,,НАЛ,ПлюсНалик,,,,
07.02.2017 23:22:31,200,,Даша,Сбербанк Маша,Обед,,,,
07.02.2017 23:42:54,4000,,,Сбербанк Маша,На отпуск,,,,
07.02.2017 23:43:47,,4000,,"Отпуск, накопления",ПлюсОтпуск,,,,
08.02.2017 8:35:06,200,,,НАЛ,Подарки,,,,
08.02.2017 8:35:19,375,,,Сбербанк Маша,Обед,,,,
08.02.2017 8:35:36,115,,кофе,НАЛ,Обед,,,,
08.02.2017 8:35:52,560,,,Сбербанк Маша,Продукты,,,,
08.02.2017 8:36:02,1200,,,НАЛ,Продукты,,,,
08.02.2017 8:38:04,169,,,Сбербанк Маша,Развлечения,,,,
08.02.2017 8:58:10,3000,,,Сбербанк зарплата,МинусКарта,,,,
08.02.2017 8:58:25,,3000,,НАЛ,ПлюсНалик,,,,
08.02.2017 8:58:58,1000,,,НАЛ,Дашины занятия,,,,
08.02.2017 10:03:40,5370,,Билеты в СПб,Сбербанк зарплата,Развлечения,,,,
09.02.2017 3:10:24,250,,,НАЛ,Обед,,,,
09.02.2017 5:56:11,250,,,НАЛ,Обед,,,,
09.02.2017 5:56:46,,28795,,ВТБ,ВТБ,,,,
09.02.2017 6:03:19,"8051,51",,,ВТБ,Коммунальные расходы,,,,
09.02.2017 7:56:59,4000,,,ВТБ,МинусКарта,,,,
09.02.2017 7:57:15,,4000,,НАЛ,ПлюсНалик,,,,
09.02.2017 7:57:31,1941,,,ВТБ,Коммунальные расходы,,,,
09.02.2017 8:12:57,3000,,,ВТБ,Развлечения,,,,
09.02.2017 22:47:36,,1500,Света отдала за билет,Сбербанк Маша,ПлюсКарта,,,,
10.02.2017 0:39:56,300,,,ВТБ,Мобильная связь,,,,
10.02.2017 0:40:12,250,,Даша,Сбербанк Маша,Обед,,,,
10.02.2017 0:40:26,100,,Каша,НАЛ,Обед,,,,
10.02.2017 3:20:48,250,,,НАЛ,Обед,,,,
10.02.2017 4:03:20,50,,,Сбербанк Маша,Обед,,,,
10.02.2017 4:03:33,300,,,НАЛ,Обед,,,,
10.02.2017 9:39:32,837,,,ВТБ,Продукты,,,,
10.02.2017 10:35:53,,105000,,Сбербанк зарплата,Сбербанк зарплата,,,,
10.02.2017 23:20:35,1500,,,НАЛ,Дашины занятия,,,,
11.02.2017 2:32:09,1300,,Даша,ВТБ,Одежда,,,,
11.02.2017 2:32:19,1266,,,ВТБ,Продукты,,,,
11.02.2017 2:34:13,80,,,ВТБ,CORR,,,,
11.02.2017 4:34:05,500,,,НАЛ,Коммунальные расходы,,,,
11.02.2017 11:57:56,800,,Пиво с Олевичем,НАЛ,Развлечения,,,,
11.02.2017 23:48:30,600,,,НАЛ,Продукты,,,,
11.02.2017 23:48:48,2000,,,ВТБ,Одежда,,,,
11.02.2017 23:49:04,574,,,ВТБ,Обед,,,,
12.02.2017 6:49:36,3450,,,ВТБ,Одежда,,,,
12.02.2017 6:49:49,6000,,,Сбербанк кредит,Одежда,,,,
12.02.2017 6:50:29,4138,,,Сбербанк зарплата,Продукты,,,,
12.02.2017 6:52:37,11000,,,Сбербанк зарплата,МинусКарта,,,,
12.02.2017 6:52:54,,11000,,Сбербанк кредит,ПлюсКарта,,,,
12.02.2017 7:00:42,660,,,НАЛ,CORR,,,,
12.02.2017 7:15:48,1500,,,Сбербанк зарплата,Мобильная связь,,,,
13.02.2017 2:48:23,100,,,НАЛ,Обед,,,,
13.02.2017 2:48:55,550,,,ВТБ,Обед,,,,
13.02.2017 5:39:12,69000,,,Сбербанк зарплата,МинусКарта,,,,
13.02.2017 5:39:26,,69000,,НАЛ,ПлюсНалик,,,,
13.02.2017 5:39:37,250,,,НАЛ,Обед,,,,
13.02.2017 5:41:58,68000,,,НАЛ,Ипотека,,,,
13.02.2017 11:09:29,268,,,Сбербанк зарплата,Продукты,,,,
13.02.2017 11:09:50,66,,,НАЛ,Медицина,,,,
13.02.2017 11:10:28,200,,,НАЛ,Продукты,,,,
14.02.2017 0:41:59,1000,,,Сбербанк Маша,Дашины занятия,,,,
14.02.2017 0:42:09,200,,,НАЛ,Обед,,,,
14.02.2017 2:55:45,250,,,НАЛ,Обед,,,,
14.02.2017 2:56:40,2100,,,Сбербанк зарплата,"Бытовая техника, мебель",,,,
14.02.2017 10:44:04,145,,мороженное,НАЛ,Обед,,,,
14.02.2017 10:44:33,150,,,НАЛ,Подарки,,,,
14.02.2017 10:45:05,8098,,,Сбербанк кредит,Развлечения,,,,
15.02.2017 3:30:57,250,,,НАЛ,Обед,,,,
15.02.2017 3:50:26,250,,,НАЛ,Обед,,,,
15.02.2017 3:50:39,,1000,,НАЛ,ПлюсНалик,,,,
15.02.2017 3:50:55,1000,,,Сбербанк зарплата,МинусКарта,,,,
15.02.2017 7:56:36,4000,,,Сбербанк зарплата,МинусКарта,,,,
15.02.2017 7:56:48,,4000,,Сбербанк Маша,ПлюсКарта,,,,
15.02.2017 7:57:10,1093,,,Сбербанк Маша,Продукты,,,,
15.02.2017 7:57:33,1000,,,Сбербанк Маша,Дашины занятия,,,,
15.02.2017 7:57:46,1000,,,Сбербанк Маша,МинусКарта,,,,
15.02.2017 7:58:01,,1000,,НАЛ,ПлюсНалик,,,,
15.02.2017 8:01:25,70,,,Сбербанк Маша,CORR,,,,
15.02.2017 23:09:06,200,,Завтрак,НАЛ,Обед,,,,
16.02.2017 0:44:33,150,,Даша,Сбербанк Маша,Обед,,,,
16.02.2017 3:05:32,282,,,НАЛ,Обед,,,,
16.02.2017 3:21:01,250,,,НАЛ,Обед,,,,
16.02.2017 9:19:33,1000,,школа - род.комитет,Сбербанк Маша,Дашины занятия,,,,
16.02.2017 19:28:53,220,,,НАЛ,Развлечения,,,,
16.02.2017 23:45:17,150,,Даша,НАЛ,Продукты,,,,
17.02.2017 4:04:55,2790,,,Сбербанк зарплата,МинусКарта,,,,
17.02.2017 4:05:06,,2790,,НАЛ,ПлюсНалик,,,,
17.02.2017 4:05:22,620,,,НАЛ,Обед,,,,
17.02.2017 9:37:04,368,,,НАЛ,Продукты,,,,
17.02.2017 10:10:20,150,,,НАЛ,Обед,,,,
18.02.2017 2:48:08,3484,,,Сбербанк зарплата,Продукты,,,,
18.02.2017 5:16:23,400,,,НАЛ,Подарки,,,,
18.02.2017 20:49:17,540,,пиво,НАЛ,Развлечения,,,,
18.02.2017 23:08:09,2176,,,Сбербанк зарплата,Авто,,,,
18.02.2017 23:11:04,31112,,,Росбанк кредит,Медицина,,,,
18.02.2017 23:11:56,700,,пицца,Сбербанк Маша,Продукты,,,,
18.02.2017 23:12:17,300,,,ВТБ,Продукты,,,,
19.02.2017 2:38:38,1500,,,НАЛ,Дашины занятия,,,,
19.02.2017 2:38:59,938,,,ВТБ,Продукты,,,,
19.02.2017 7:51:09,3000,,,Сбербанк зарплата,МинусКарта,,,,
19.02.2017 7:51:28,,3000,,НАЛ,ПлюсНалик,,,,
19.02.2017 21:36:47,1000,,,НАЛ,Дашины занятия,,,,
20.02.2017 2:41:56,250,,,НАЛ,Обед,,,,
20.02.2017 2:42:42,,20600,,Сбербанк зарплата,Сбербанк зарплата,,,,
20.02.2017 9:38:09,6000,,,Сбербанк зарплата,МинусКарта,,,,
20.02.2017 9:39:00,,6000,,Сбербанк Маша,ПлюсКарта,,,,
20.02.2017 9:39:23,1700,,,Сбербанк Маша,Транспорт,,,,
20.02.2017 9:40:06,2000,,,Сбербанк Маша,На отпуск,,,,
20.02.2017 9:40:26,,2000,,"Отпуск, накопления",ПлюсОтпуск,,,,
20.02.2017 9:44:32,8100,,,Сбербанк зарплата,МинусКарта,,,,
20.02.2017 9:44:57,,8100,,Сбербанк кредит,ПлюсКарта,,,,
20.02.2017 22:14:41,100,,бусику на дорогу,НАЛ,Дашины занятия,,,,
21.02.2017 3:28:02,,37380,,ВТБ,ВТБ,,,,
21.02.2017 3:51:00,250,,,НАЛ,Обед,,,,
21.02.2017 6:26:30,500,,,НАЛ,Подарки,,,,
21.02.2017 6:26:53,10000,,,ВТБ,МинусКарта,,,,
21.02.2017 6:27:18,,10000,,НАЛ,ПлюсНалик,,,,
21.02.2017 6:27:44,3000,,,НАЛ,Подарки,,,,
21.02.2017 10:40:42,570,,,НАЛ,Продукты,,,,
21.02.2017 10:41:07,5000,,,НАЛ,МинусНалик,,,,
21.02.2017 10:41:27,,5000,,Сбербанк Маша,ПлюсКарта,,,,
21.02.2017 10:41:51,4000,,,Сбербанк Маша,На отпуск,,,,
21.02.2017 10:42:14,,4000,,"Отпуск, накопления",ПлюсОтпуск,,,,
22.02.2017 5:52:51,250,,,НАЛ,Обед,,,,
22.02.2017 7:46:24,900,,,НАЛ,Продукты,,,,
22.02.2017 7:46:46,283,,,НАЛ,Обед,,,,
22.02.2017 7:52:41,250,,,НАЛ,Продукты,,,,
23.02.2017 2:34:27,3000,,,Сбербанк зарплата,Одежда,,,,
23.02.2017 2:34:39,4000,,,ВТБ,Одежда,,,,
23.02.2017 2:35:05,9000,,,ВТБ,МинусКарта,,,,
23.02.2017 2:35:20,,9000,,НАЛ,ПлюсНалик,,,,
23.02.2017 2:35:41,750,,,НАЛ,Продукты,,,,
23.02.2017 2:37:58,220,,,НАЛ,Развлечения,,,,
23.02.2017 2:38:59,2200,,,ВТБ,Непредвиденные расходы,,,,
23.02.2017 2:39:15,150,,,НАЛ,Продукты,,,,
24.02.2017 11:12:54,2000,,,НАЛ,Дашины занятия,,,,
24.02.2017 11:13:05,3800,,,НАЛ,Парикмахерская,,,,
24.02.2017 11:13:23,200,,,НАЛ,Парикмахерская,,,,
24.02.2017 11:13:38,3670,,,ВТБ,Продукты,,,,
24.02.2017 11:16:31,170,,,НАЛ,Продукты,,,,
24.02.2017 22:36:18,1500,,,НАЛ,Дашины занятия,,,,
24.02.2017 22:36:36,484,,,Росбанк кредит,Медицина,,,,
25.02.2017 5:16:53,800,,,НАЛ,Развлечения,,,,
25.02.2017 5:18:02,173,,,Сбербанк Маша,Продукты,,,,
25.02.2017 5:18:16,1500,,,Сбербанк Маша,МинусКарта,,,,
25.02.2017 5:18:30,,1500,,НАЛ,ПлюсНалик,,,,
25.02.2017 5:18:48,542,,,ВТБ,"Бытовая техника, мебель",,,,
25.02.2017 5:19:32,500,,,НАЛ,Продукты,,,,
26.02.2017 20:01:00,1400,,,Сбербанк зарплата,Продукты,,,,
26.02.2017 20:03:17,300,,Книга ,Сбербанк Маша,Развлечения,,,,
26.02.2017 20:03:47,1700,,,ВТБ,Транспорт,,,,
26.02.2017 22:34:39,1700,,,Сбербанк зарплата,Транспорт,,,,
26.02.2017 22:34:58,1000,,,Сбербанк зарплата,МинусКарта,,,,
26.02.2017 22:35:11,,1000,,НАЛ,ПлюсНалик,,,,
27.02.2017 2:48:08,200,, Носочки,НАЛ,Одежда,,,,
27.02.2017 2:48:17,375,,,ВТБ,Обед,,,,
27.02.2017 4:42:31,250,,,НАЛ,Обед,,,,
27.02.2017 4:42:45,84,,,Сбербанк зарплата,CORR,,,,
27.02.2017 9:50:44,2000,,,ВТБ,МинусКарта,,,,
27.02.2017 9:51:02,,2000,,НАЛ,ПлюсНалик,,,,
27.02.2017 9:51:16,1000,,,НАЛ,Дашины занятия,,,,
27.02.2017 9:52:03,350,,,НАЛ,Продукты,,,,
28.02.2017 2:49:01,150,,Даша,Сбербанк Маша,Обед,,,,
28.02.2017 2:49:23,500,,,НАЛ,Обед,,,,
28.02.2017 3:19:53,250,,,НАЛ,Обед,,,,
28.02.2017 3:20:05,300,,,Сбербанк зарплата,Мобильная связь,,,,
28.02.2017 7:04:59,236,,,ВТБ,Продукты,,,,
28.02.2017 9:29:17,750,,Ремонт обуви,НАЛ,"Бытовая техника, мебель",,,,
28.02.2017 9:29:35,300,,,НАЛ,Продукты,,,,
01.03.2017 2:42:24,250,,,НАЛ,Обед,,,,
01.03.2017 5:12:42,100,,,НАЛ,Обед,,,,
01.03.2017 7:52:20,2000,,,ВТБ,МинусКарта,,,,
01.03.2017 7:52:32,,2000,,НАЛ,ПлюсНалик,,,,
01.03.2017 7:52:43,1000,,,НАЛ,Дашины занятия,,,,
01.03.2017 7:52:57,1121,,,ВТБ,Продукты,,,,
01.03.2017 10:53:24,440,,,НАЛ,Развлечения,,,,
01.03.2017 10:53:37,200,,,НАЛ,Продукты,,,,
01.03.2017 10:55:58,100,,,НАЛ,Дашины занятия,,,,
02.03.2017 3:10:05,1000,,,Сбербанк зарплата,МинусКарта,,,,
02.03.2017 3:10:23,,1000,,НАЛ,ПлюсНалик,,,,
02.03.2017 3:10:44,250,,,НАЛ,Обед,,,,
02.03.2017 4:22:44,350,,,НАЛ,Обед,,,,
02.03.2017 9:46:35,700,,,ВТБ,МинусКарта,,,,
02.03.2017 9:46:56,,700,,НАЛ,ПлюсНалик,,,,
02.03.2017 9:47:22,1500,,,Сбербанк Маша,МинусКарта,,,,
02.03.2017 9:47:44,,1500,,НАЛ,ПлюсНалик,,,,
02.03.2017 9:48:09,650,,,НАЛ,Подарки,,,,
02.03.2017 9:48:59,700,,,НАЛ,Продукты,,,,
02.03.2017 9:51:11,2000,,,Сбербанк зарплата,МинусКарта,,,,
02.03.2017 9:51:32,,2000,,Сбербанк Маша,ПлюсКарта,,,,
02.03.2017 9:54:27,150,,Канцтовары ,НАЛ,Дашины занятия,,,,
02.03.2017 10:48:46,510,,пиво,НАЛ,Развлечения,,,,
02.03.2017 10:49:32,170,,,НАЛ,Продукты,,,,
02.03.2017 21:38:34,300,,,Сбербанк Маша,Мобильная связь,,,,
02.03.2017 21:38:50,150,,Даша,Сбербанк Маша,Обед,,,,
03.03.2017 0:18:50,500,,Кофе на работе,НАЛ,Продукты,,,,
03.03.2017 2:44:20,282,,,Сбербанк Маша,Обед,,,,
03.03.2017 10:36:39,1000,,,Сбербанк зарплата,МинусКарта,,,,
03.03.2017 10:36:59,,1000,,НАЛ,ПлюсНалик,,,,
03.03.2017 10:37:20,250,,,НАЛ,Обед,,,,
03.03.2017 10:37:36,3043,,,Сбербанк зарплата,Продукты,,,,
04.03.2017 1:40:06,2000,,,"Отпуск, накопления",МинусОтпуск,,,,
04.03.2017 1:40:36,,2000,,Сбербанк Маша,ПлюсКарта,,,,
04.03.2017 3:34:22,3000,,,Сбербанк Маша,МинусКарта,,,,
04.03.2017 3:34:52,,3000,,НАЛ,ПлюсНалик,,,,
04.03.2017 3:35:13,190,,,Сбербанк Маша,Парфюмерия & косметика,,,,
04.03.2017 3:36:19,340,,,НАЛ,Продукты,,,,
04.03.2017 23:40:08,440,,,НАЛ,Развлечения,,,,
04.03.2017 23:40:28,1650,,,НАЛ,Дашины занятия,,,,
04.03.2017 23:49:57,,167,,Сбербанк Маша,CORR,,,,
05.03.2017 5:21:49,760,,,НАЛ,Продукты,,,,
05.03.2017 21:38:13,500,,,"Отпуск, накопления",МинусОтпуск,,,,
05.03.2017 21:38:27,,500,,Сбербанк Маша,ПлюсКарта,,,,
05.03.2017 21:38:47,100,,Даша,Сбербанк Маша,Обед,,,,
06.03.2017 1:45:17,400,,ДР Коллеги 2 шт,НАЛ,Подарки,,,,
06.03.2017 1:45:25,110,,,НАЛ,Обед,,,,
06.03.2017 2:28:56,1000,,,Сбербанк зарплата,МинусКарта,,,,
06.03.2017 2:29:20,,1000,,НАЛ,ПлюсНалик,,,,
06.03.2017 2:29:45,250,,,НАЛ,Обед,,,,
06.03.2017 2:43:05,200,,,НАЛ,Обед,,,,
06.03.2017 8:13:49,43,,,НАЛ,Продукты,,,,
06.03.2017 10:22:32,2500,,,"Отпуск, накопления",МинусОтпуск,,,,
06.03.2017 10:22:50,,2500,,Сбербанк Маша,ПлюсКарта,,,,
06.03.2017 10:23:01,1500,,,Сбербанк Маша,МинусКарта,,,,
06.03.2017 10:23:23,,1500,,НАЛ,ПлюсНалик,,,,
06.03.2017 10:23:43,600,,Цветы учителям,НАЛ,Подарки,,,,
06.03.2017 13:39:13,,24400,,Сбербанк зарплата,Сбербанк зарплата,,,,
06.03.2017 21:25:55,7000,,,Сбербанк зарплата,МинусКарта,,,,
06.03.2017 21:26:28,,7000,,Сбербанк Маша,Сбербанк Маша,,,,
06.03.2017 21:26:47,500,,,НАЛ,Подарки,,,,
06.03.2017 21:34:50,5000,,,Сбербанк Маша,МинусКарта,,,,
06.03.2017 21:35:01,,5000,,"Отпуск, накопления",ПлюсОтпуск,,,,
06.03.2017 21:36:01,1000,,,Сбербанк Маша,Дашины занятия,,,,
06.03.2017 21:36:15,100,,Даша,Сбербанк Маша,Обед,,,,
06.03.2017 21:55:43,200,,,НАЛ,CORR,,,,
06.03.2017 22:36:25,100,,,НАЛ,Обед,,,,
07.03.2017 1:16:31,169,,,Сбербанк Маша,Развлечения,,,,
07.03.2017 2:36:39,250,,,НАЛ,Обед,,,,
07.03.2017 8:24:00,515,,,Сбербанк Маша,Продукты,,,,
07.03.2017 9:50:30,250,,,НАЛ,Обед,,,,
07.03.2017 9:50:48,1000,,,Сбербанк зарплата,МинусКарта,,,,
07.03.2017 9:51:07,,1000,,НАЛ,ПлюсНалик,,,,
07.03.2017 9:51:43,1200,,взнос на 8 марта на работе,НАЛ,Непредвиденные расходы,,,,
07.03.2017 9:52:46,478,,,Сбербанк зарплата,Продукты,,,,
07.03.2017 22:31:27,5000,,,Сбербанк зарплата,МинусКарта,,,,
07.03.2017 22:31:40,,5000,,НАЛ,ПлюсНалик,,,,
07.03.2017 22:31:57,1800,,,НАЛ,Подарки,,,,
08.03.2017 1:58:32,1950,,,НАЛ,Дашины занятия,,,,
08.03.2017 1:58:45,500,,,НАЛ,Парикмахерская,,,,
08.03.2017 1:59:11,807,,Книги,НАЛ,Развлечения,,,,
08.03.2017 1:59:31,306,,Хозтовары,Сбербанк Маша,"Бытовая техника, мебель",,,,
08.03.2017 1:59:43,281,,,Сбербанк Маша,Продукты,,,,
08.03.2017 2:01:38,150,,Батарейки,НАЛ,"Бытовая техника, мебель",,,,
08.03.2017 8:01:15,3000,,,Сбербанк зарплата,МинусКарта,,,,
08.03.2017 8:01:29,,3000,,НАЛ,ПлюсНалик,,,,
08.03.2017 8:01:59,700,,,НАЛ,Обед,,,,
08.03.2017 8:02:11,250,,,НАЛ,Подарки,,,,
08.03.2017 8:02:22,1000,,,НАЛ,Дашины занятия,,,,
09.03.2017 8:28:40,250,,,НАЛ,Обед,,,,
09.03.2017 8:28:52,251,,,НАЛ,Продукты,,,,
09.03.2017 11:34:51,420,,,Сбербанк Маша,Развлечения,,,,
09.03.2017 11:35:08,250,,,НАЛ,Развлечения,,,,
09.03.2017 11:35:28,,23787,,ВТБ,ВТБ,,,,
09.03.2017 11:35:43,2000,,,"Отпуск, накопления",МинусОтпуск,,,,
09.03.2017 11:35:57,,2000,,Сбербанк Маша,ПлюсКарта,,,,
09.03.2017 11:36:12,2100,,,Сбербанк Маша,Дашины занятия,,,,
10.03.2017 0:28:03,4000,,,ВТБ,МинусКарта,,,,
10.03.2017 0:28:16,,4000,,НАЛ,ПлюсНалик,,,,
10.03.2017 0:28:28,100,,,НАЛ,Обед,,,,
10.03.2017 0:28:46,150,,Даша,Сбербанк Маша,Обед,,,,
10.03.2017 0:51:30,,300,,ВТБ,Мобильная связь,,,,
10.03.2017 3:55:17,200,,,НАЛ,Подарки,,,,
10.03.2017 3:55:37,281,,,НАЛ,Обед,,,,
10.03.2017 3:55:58,215,,,НАЛ,Продукты,,,,
10.03.2017 12:07:43,3292,,,ВТБ,Продукты,,,,
10.03.2017 12:08:06,320,,,НАЛ,Одежда,,,,
10.03.2017 12:13:03,700,,,ВТБ,CORR,,,,
11.03.2017 0:11:00,3199,,гантели,Росбанк кредит,Развлечения,,,,
11.03.2017 9:36:58,2390,,,ВТБ,Одежда,,,,
11.03.2017 9:38:03,900,,,НАЛ,Продукты,,,,
12.03.2017 7:12:43,2474,,,Сбербанк зарплата,Продукты,,,,
12.03.2017 7:13:27,2073,,,Сбербанк зарплата,Авто,,,,
12.03.2017 7:13:57,350,,,НАЛ,Развлечения,,,,
12.03.2017 22:55:51,150,,Даша,Сбербанк Маша,Обед,,,,
13.03.2017 3:37:45,1000,,,Сбербанк зарплата,МинусКарта,,,,
13.03.2017 3:37:58,,1000,,НАЛ,ПлюсНалик,,,,
13.03.2017 3:38:17,250,,,НАЛ,Обед,,,,
13.03.2017 7:55:48,,105000,,Сбербанк зарплата,Сбербанк зарплата,,,,
13.03.2017 14:45:57,1000,,,НАЛ,Дашины занятия,,,,
13.03.2017 14:47:23,700,,,НАЛ,CORR,,,,
14.03.2017 0:23:19,84000,,,Сбербанк зарплата,МинусКарта,,,,
14.03.2017 7:16:37,100,,,НАЛ,Дашины занятия,,,,
14.03.2017 7:30:05,375,,,НАЛ,Обед,,,,
14.03.2017 7:30:30,4900,,,ВТБ,МинусКарта,,,,
14.03.2017 7:31:32,,4900,,НАЛ,ПлюсНалик,,,,
14.03.2017 7:32:10,868,,,ВТБ,Медицина,,,,
14.03.2017 7:32:27,177,,,ВТБ,Продукты,,,,
14.03.2017 9:35:49,3900,,,НАЛ,Медицина,,,,
14.03.2017 9:42:28,,84000,,НАЛ,ПлюсНалик,,,,
14.03.2017 9:42:42,69000,,,НАЛ,Ипотека,,,,
14.03.2017 9:43:02,15000,,,НАЛ,МинусНалик,,,,
14.03.2017 9:43:42,,15000,,Росбанк кредит,ПлюсКарта,,,,
14.03.2017 9:45:21,1000,,,ВТБ,Продукты,,,,
14.03.2017 9:47:26,450,,,НАЛ,Продукты,,,,
15.03.2017 1:31:09,150,,,Сбербанк Маша,Обед,,,,
15.03.2017 1:31:21,100,,,ВТБ,Обед,,,,
15.03.2017 3:43:48,273,,,ВТБ,Парфюмерия & косметика,,,,
15.03.2017 7:59:13,300,,,ВТБ,Мобильная связь,,,,
15.03.2017 9:30:33,1000,,,ВТБ,Дашины занятия,,,,
15.03.2017 10:24:10,1000,,,Сбербанк зарплата,МинусКарта,,,,
15.03.2017 10:24:21,,1000,,Сбербанк Маша,ПлюсКарта,,,,
15.03.2017 10:24:33,220,,,НАЛ,Развлечения,,,,
15.03.2017 10:24:50,300,,,Сбербанк Маша,Развлечения,,,,
15.03.2017 10:25:54,250,,,НАЛ,Обед,,,,
16.03.2017 5:46:44,1000,,,Сбербанк зарплата,МинусКарта,,,,
16.03.2017 5:46:57,,1000,,НАЛ,ПлюсНалик,,,,
16.03.2017 5:47:09,250,,,НАЛ,Обед,,,,
16.03.2017 10:09:33,590,,,ВТБ,Продукты,,,,
16.03.2017 10:12:19,300,,,НАЛ,CORR,,,,
17.03.2017 3:49:53,375,,,ВТБ,Обед,,,,
17.03.2017 3:57:55,100,,,НАЛ,Дашины занятия,,,,
17.03.2017 3:58:14,80,,круассан,НАЛ,Обед,,,,
17.03.2017 3:58:33,600,,колбасофф,НАЛ,Обед,,,,
17.03.2017 11:04:18,3701,,,Сбербанк зарплата,Продукты,,,,
17.03.2017 11:04:36,305,,,ВТБ,Медицина,,,,
18.03.2017 3:29:51,280,,,НАЛ,Развлечения,,,,
18.03.2017 12:34:25,4000,,,ВТБ,МинусКарта,,,,
18.03.2017 12:34:54,,4000,,НАЛ,ПлюсНалик,,,,
18.03.2017 12:35:44,2900,,,НАЛ,Парикмахерская,,,,
18.03.2017 12:36:07,300,,,НАЛ,Продукты,,,,
19.03.2017 23:17:08,1000,,,Сбербанк зарплата,МинусКарта,,,,
19.03.2017 23:17:22,,1000,,НАЛ,ПлюсНалик,,,,
19.03.2017 23:17:36,80,,,НАЛ,Обед,,,,
19.03.2017 23:18:23,5000,,,Сбербанк зарплата,МинусКарта,,,,
19.03.2017 23:47:56,,5000,,Сбербанк Маша,ПлюсКарта,,,,
20.03.2017 3:52:29,280,,,НАЛ,Обед,,,,
20.03.2017 10:34:04,300,,,Сбербанк Маша,Развлечения,,,,
20.03.2017 10:34:23,1064,,,Сбербанк Маша,Продукты,,,,
20.03.2017 10:34:51,100,,,НАЛ,Продукты,,,,
20.03.2017 10:36:44,2000,,,Сбербанк зарплата,МинусКарта,,,,
20.03.2017 10:37:00,,2000,,НАЛ,ПлюсНалик,,,,
20.03.2017 10:37:14,400,,,НАЛ,Развлечения,,,,
20.03.2017 10:38:39,300,,,Сбербанк зарплата,CORR,,,,
20.03.2017 10:39:57,500,,,НАЛ,CORR,,,,
20.03.2017 10:43:20,4000,,,Сбербанк зарплата,МинусКарта,,,,
20.03.2017 10:43:32,,4000,,"Отпуск, накопления",На отпуск,,,,
20.03.2017 11:07:37,,20600,,Сбербанк зарплата,Сбербанк зарплата,,,,
21.03.2017 2:29:46,200,,,Сбербанк Маша,Обед,,,,
21.03.2017 2:30:09,300,,Завтрак,НАЛ,Обед,,,,
21.03.2017 3:24:54,190,,,Сбербанк Маша,Медицина,,,,
21.03.2017 4:28:39,330,,,НАЛ,Обед,,,,
21.03.2017 4:55:25,1000,,,Сбербанк Маша,Дашины занятия,,,,
21.03.2017 6:39:56,300,,,НАЛ,Продукты,,,,
21.03.2017 9:04:39,386,,,Сбербанк Маша,Продукты,,,,
21.03.2017 9:05:02,330,,,НАЛ,Продукты,,,,
22.03.2017 8:05:26,430,,,НАЛ,Обед,,,,
22.03.2017 21:39:53,190,,,НАЛ,Продукты,,,,
22.03.2017 21:41:12,880,,,НАЛ,Продукты,,,,
23.03.2017 2:58:06,2000,,,Сбербанк зарплата,МинусКарта,,,,
23.03.2017 2:58:32,,2000,,Сбербанк Маша,ПлюсКарта,,,,
23.03.2017 2:59:10,3500,,,Сбербанк Маша,МинусКарта,,,,
23.03.2017 2:59:35,,3500,,НАЛ,ПлюсНалик,,,,
23.03.2017 3:45:24,1000,,,Сбербанк зарплата,МинусКарта,,,,
23.03.2017 3:45:35,,1000,,НАЛ,ПлюсКарта,,,,
23.03.2017 3:45:46,250,,,НАЛ,Обед,,,,
23.03.2017 7:34:40,3200,,,НАЛ,Медицина,,,,
23.03.2017 7:35:07,1000,,,Сбербанк Маша,Дашины занятия,,,,
23.03.2017 7:35:29,,29888,,ВТБ,ВТБ,,,,
23.03.2017 7:37:55,150,,,Сбербанк Маша,Обед,,,,
23.03.2017 7:42:59,7669,,,ВТБ,Коммунальные расходы,,,,
23.03.2017 7:55:14,3000,,,ВТБ,На отпуск,,,,
23.03.2017 7:55:43,970,,,ВТБ,Коммунальные расходы,,,,
23.03.2017 7:57:51,,3000,,"Отпуск, накопления",ПлюсОтпуск,,,,
23.03.2017 9:51:51,420,,,ВТБ,Медицина,,,,
23.03.2017 9:52:07,3500,,,ВТБ,МинусКарта,,,,
23.03.2017 9:52:18,,3500,,НАЛ,ПлюсНалик,,,,
23.03.2017 9:52:30,330,,,НАЛ,Продукты,,,,
23.03.2017 9:52:54,608,,,ВТБ,Продукты,,,,
24.03.2017 0:11:06,150,,,ВТБ,Обед,,,,
24.03.2017 4:17:54,220,,,НАЛ,Обед,,,,
24.03.2017 4:22:55,1600,,,НАЛ,Дашины занятия,,,,
24.03.2017 4:53:21,190,,,НАЛ,Обед,,,,
24.03.2017 12:34:23,344,,,Сбербанк зарплата,Развлечения,,,,
24.03.2017 23:33:31,3100,,,Сбербанк зарплата,Развлечения,,,,
24.03.2017 23:33:42,200,,,НАЛ,Продукты,,,,
24.03.2017 23:38:29,200,,,НАЛ,CORR,,,,
25.03.2017 4:07:57,3437,,,ВТБ,Продукты,,,,
25.03.2017 4:08:16,150,,,НАЛ,Продукты,,,,
25.03.2017 8:03:17,275,,,НАЛ,"Бытовая техника, мебель",,,,
26.03.2017 3:06:59,220,,,НАЛ,Развлечения,,,,
26.03.2017 3:07:15,274,,,НАЛ,Продукты,,,,
26.03.2017 3:42:09,3187,,,Сбербанк зарплата,"Бытовая техника, мебель",,,,
26.03.2017 3:43:38,3490,,,ВТБ,Одежда,,,,
26.03.2017 6:02:29,150,,,НАЛ,Продукты,,,,
26.03.2017 7:24:07,100,,,НАЛ,Продукты,,,,
27.03.2017 4:44:41,208,,,ВТБ,Продукты,,,,
27.03.2017 5:34:22,285,,,НАЛ,Обед,,,,
27.03.2017 10:35:30,3000,,,Сбербанк зарплата,МинусКарта,,,,
27.03.2017 10:35:44,,3000,,Сбербанк Маша,ПлюсКарта,,,,
27.03.2017 10:35:56,2000,,,Сбербанк Маша,МинусКарта,,,,
27.03.2017 10:36:07,,2000,,НАЛ,ПлюсНалик,,,,
27.03.2017 10:36:51,154,,,ВТБ,Продукты,,,,
27.03.2017 10:37:04,1000,,,НАЛ,Дашины занятия,,,,
27.03.2017 10:39:34,450,,,ВТБ,Медицина,,,,
27.03.2017 11:05:25,300,,,ВТБ,Мобильная связь,,,,
28.03.2017 1:35:16,200,,,НАЛ,Подарки,,,,
28.03.2017 1:35:30,100,,,НАЛ,Обед,,,,
28.03.2017 4:16:53,336,,,ВТБ,Продукты,,,,
28.03.2017 9:02:13,700,,,НАЛ,Продукты,,,,
28.03.2017 11:51:56,300,,,ВТБ,Мобильная связь,,,,
29.03.2017 3:44:18,1000,,,Сбербанк зарплата,МинусКарта,,,,
29.03.2017 3:44:31,,1000,,НАЛ,ПлюсНалик,,,,
29.03.2017 3:44:43,250,,,НАЛ,Обед,,,,
29.03.2017 9:40:59,790,,,ВТБ,Медицина,,,,
29.03.2017 9:41:23,415,,,НАЛ,Обед,,,,
29.03.2017 9:43:28,1253,,,ВТБ,Продукты,,,,
29.03.2017 9:43:42,4000,,,Сбербанк зарплата,МинусКарта,,,,
29.03.2017 9:43:58,,4000,,НАЛ,ПлюсНалик,,,,
29.03.2017 9:44:28,1000,,,НАЛ,Дашины занятия,,,,
29.03.2017 9:51:51,150,,,Сбербанк Маша,Обед,,,,
29.03.2017 9:52:08,300,,,ВТБ,Мобильная связь,,,,
30.03.2017 3:40:26,283,,,НАЛ,Обед,,,,
30.03.2017 4:41:30,200,,,НАЛ,Подарки,,,,
30.03.2017 9:17:36,1245,,,ВТБ,Продукты,,,,
31.03.2017 4:04:07,570,,,НАЛ,Обед,,,,
31.03.2017 9:22:47,189,,,НАЛ,Продукты,,,,
31.03.2017 11:58:39,410,,,ВТБ,Парфюмерия & косметика,,,,
31.03.2017 11:59:02,3300,,,Сбербанк зарплата,Продукты,,,,
31.03.2017 12:01:46,200,,,НАЛ,CORR,,,,
31.03.2017 12:02:12,150,,,Сбербанк Маша,Развлечения,,,,
01.04.2017 3:55:43,573,,,ВТБ,Обед,,,,
01.04.2017 3:56:09,300,,,НАЛ,Развлечения,,,,
01.04.2017 3:56:31,180,,,НАЛ,Медицина,,,,
01.04.2017 3:56:56,3000,,,"Отпуск, накопления",МинусОтпуск,,,,
01.04.2017 3:57:23,,3000,,НАЛ,ПлюсНалик,,,,
01.04.2017 3:58:33,3200,,,НАЛ,Дашины занятия,,,,
02.04.2017 4:55:38,1500,,,НАЛ,Дашины занятия,,,,
02.04.2017 10:39:18,300,,,ВТБ,Мобильная связь,,,,
02.04.2017 21:17:15,1000,,,"Отпуск, накопления",МинусОтпуск,,,,
02.04.2017 21:17:45,,1000,,ВТБ,ПлюсКарта,,,,
02.04.2017 21:18:06,1018,,,ВТБ,Медицина,,,,
02.04.2017 21:18:30,334,,,Сбербанк Маша,Медицина,,,,
02.04.2017 22:19:44,220,,,НАЛ,Развлечения,,,,
03.04.2017 0:09:44,388,,,Сбербанк зарплата,Обед,,,,
03.04.2017 4:36:14,250,,,НАЛ,Обед,,,,
03.04.2017 11:04:04,195,,,Сбербанк зарплата,Продукты,,,,
03.04.2017 11:04:20,2000,,,Сбербанк зарплата,МинусКарта,,,,
03.04.2017 11:04:38,,2000,,НАЛ,ПлюсНалик,,,,
03.04.2017 22:14:22,203,,,НАЛ,Медицина,,,,
04.04.2017 1:15:58,113,,,НАЛ,Медицина,,,,
04.04.2017 1:16:16,330,,,НАЛ,Медицина,,,,
04.04.2017 6:48:40,456,,Обед и ужин вместе,НАЛ,Обед,,,,
04.04.2017 10:51:50,1151,,,Сбербанк кредит,Продукты,,,,
04.04.2017 23:43:31,1000,,,Сбербанк зарплата,МинусКарта,,,,
05.04.2017 10:01:27,676,,,Сбербанк кредит,Продукты,,,,
06.04.2017 4:15:25,250,,,НАЛ,Обед,,,,
06.04.2017 9:40:37,163,,,НАЛ,Продукты,,,,
06.04.2017 9:40:53,220,,,НАЛ,Развлечения,,,,
06.04.2017 12:32:22,538,,,Сбербанк кредит,Продукты,,,,
07.04.2017 2:50:26,4000,,,"Отпуск, накопления",МинусОтпуск,,,,
07.04.2017 2:50:52,,4000,,Сбербанк Маша,ПлюсКарта,,,,
07.04.2017 2:52:19,300,,,Сбербанк Маша,CORR,,,,
07.04.2017 4:10:32,250,,,НАЛ,Обед,,,,
07.04.2017 8:50:40,,79000,,ВТБ,ВТБ,,,,
07.04.2017 8:51:30,,,35860,ВТБ,ВТБ,,,,
07.04.2017 8:52:28,,14660,,ВТБ,ВТБ,,,,
07.04.2017 8:52:45,800,,,Сбербанк Маша,Обед,,,,
07.04.2017 8:53:05,1700,,,Сбербанк кредит,Транспорт,,,,
07.04.2017 8:53:38,1500,,Аэроэкспресс ,ВТБ,Развлечения,,,,
07.04.2017 8:54:02,3000,,,ВТБ,МинусКарта,,,,
07.04.2017 8:54:27,,3000,,НАЛ,ПлюсНалик,,,,
07.04.2017 8:58:59,,35860,,ВТБ,ВТБ,,,,
07.04.2017 9:55:57,1168,,,ВТБ,Обед,,,,
08.04.2017 1:23:47,80000,,,ВТБ,На отпуск,,,,
08.04.2017 1:24:13,,80000,,"Отпуск, накопления",ПлюсОтпуск,,,,
08.04.2017 3:19:17,350,,,НАЛ,Парфюмерия & косметика,,,,
08.04.2017 3:19:46,168,,,НАЛ,Медицина,,,,
08.04.2017 3:21:04,150,,,ВТБ,Медицина,,,,
08.04.2017 3:21:25,413,,,ВТБ,Медицина,,,,
08.04.2017 3:21:45,637,,,ВТБ,Развлечения,,,,
08.04.2017 3:22:14,1346,,,ВТБ,Продукты,,,,
08.04.2017 4:07:07,300,,,Сбербанк Маша,Развлечения,,,,
08.04.2017 8:33:32,4770,,,ВТБ,Развлечения,,,,
08.04.2017 8:33:50,1000,,,НАЛ,Развлечения,,,,
09.04.2017 7:55:31,586,,,ВТБ,Продукты,,,,
09.04.2017 7:55:49,200,,,НАЛ,Продукты,,,,
09.04.2017 14:46:13,1000,,,"Отпуск, накопления",МинусОтпуск,,,,
09.04.2017 14:46:44,,1000,,Сбербанк Маша,ПлюсКарта,,,,
09.04.2017 14:47:14,2840,,,Сбербанк Маша,Коммунальные расходы,,,,
10.04.2017 2:22:26,834,,,ВТБ,Продукты,,,,
10.04.2017 2:25:16,200,,,ВТБ,Развлечения,,,,
10.04.2017 2:26:13,500,,,Сбербанк Маша,CORR,,,,
10.04.2017 2:49:56,11600,,,"Отпуск, накопления",Развлечения,,,,
10.04.2017 10:39:08,14500,,,ВТБ,МинусКарта,,,,
10.04.2017 10:39:34,,14500,,НАЛ,ПлюсНалик,,,,
10.04.2017 10:39:45,2000,,,НАЛ,Дашины занятия,,,,
10.04.2017 11:38:34,,24400,,Сбербанк зарплата,Сбербанк зарплата,,,,
10.04.2017 11:39:06,4894,,,Сбербанк зарплата,Продукты,,,,
11.04.2017 3:18:54,2500,,,НАЛ,Развлечения,,,,
11.04.2017 3:19:06,423,,,ВТБ,Продукты,,,,
11.04.2017 3:19:16,350,,,НАЛ,Продукты,,,,
11.04.2017 9:18:36,1000,,,НАЛ,Дашины занятия,,,,
11.04.2017 11:08:50,250,,,НАЛ,Обед,,,,
11.04.2017 11:09:09,220,,,НАЛ,Развлечения,,,,
11.04.2017 11:10:07,,105000,,Сбербанк зарплата,Сбербанк зарплата,,,,
11.04.2017 12:03:05,1700,,,ВТБ,Транспорт,,,,
11.04.2017 12:03:39,1061,,Канцтовары,ВТБ,Дашины занятия,,,,
11.04.2017 12:05:01,252,,,ВТБ,Развлечения,,,,
12.04.2017 4:18:15,520,,,НАЛ,Обед,,,,
12.04.2017 4:18:32,90000,,,Сбербанк зарплата,МинусКарта,,,,
12.04.2017 4:18:45,,90000,,НАЛ,ПлюсНалик,,,,
12.04.2017 4:19:02,68500,,,НАЛ,Ипотека,,,,
12.04.2017 4:20:07,20000,,,НАЛ,МинусНалик,,,,
12.04.2017 4:20:25,,20000,,Росбанк кредит,ПлюсКарта,,,,
12.04.2017 4:47:53,871,,,ВТБ,Обед,,,,
12.04.2017 4:49:17,270,,,ВТБ,Парфюмерия & косметика,,,,
12.04.2017 6:22:49,2000,,,НАЛ,Развлечения,,,,
12.04.2017 6:26:07,50000,,,"Отпуск, накопления",МинусОтпуск,,,,
12.04.2017 6:26:27,,50000,,НАЛ,ПлюсНалик,,,,
12.04.2017 6:26:57,47850,,Адыгея ,НАЛ,Развлечения,,,,
12.04.2017 11:22:46,3100,,,Сбербанк зарплата,Медицина,,,,
13.04.2017 5:01:28,250,,,НАЛ,Обед,,,,
13.04.2017 11:07:59,700,,,НАЛ,Продукты,,,,
13.04.2017 23:46:12,2000,,,НАЛ,Дашины занятия,,,,
14.04.2017 0:11:12,650,,,НАЛ,Продукты,,,,
14.04.2017 1:43:32,913,,,ВТБ,Медицина,,,,
14.04.2017 1:43:53,1496,,,ВТБ,Продукты,,,,
14.04.2017 1:52:10,613,,,ВТБ,CORR,,,,
14.04.2017 2:04:06,20000,,,"Отпуск, накопления",МинусОтпуск,,,,
14.04.2017 2:04:17,,20000,,ВТБ,ПлюсКарта,,,,
14.04.2017 2:05:05,21207,,Билеты Сочи-Москва,ВТБ,Развлечения,,,,
14.04.2017 9:43:58,420,,,НАЛ,Обед,,,,
14.04.2017 9:44:19,92,,,НАЛ,Обед,,,,
14.04.2017 13:45:09,3586,,,Сбербанк зарплата,"Бытовая техника, мебель",,,,
14.04.2017 23:19:06,220,,,НАЛ,Развлечения,,,,
15.04.2017 9:11:16,3600,,,НАЛ,Медицина,,,,
15.04.2017 9:11:35,640,,,Сбербанк зарплата,Развлечения,,,,
15.04.2017 9:11:50,1000,,,НАЛ,Обед,,,,
15.04.2017 9:12:02,517,,,НАЛ,Продукты,,,,
15.04.2017 9:12:16,815,,,ВТБ,Продукты,,,,
15.04.2017 9:12:32,4000,,,Сбербанк зарплата,МинусКарта,,,,
15.04.2017 9:12:45,,4000,,НАЛ,ПлюсНалик,,,,
15.04.2017 9:22:00,2949,,,Сбербанк зарплата,Авто,,,,
15.04.2017 9:22:54,500,,,НАЛ,Развлечения,,,,
15.04.2017 22:14:14,500,,помывка,НАЛ,Авто,,,,
15.04.2017 22:14:27,388,,,НАЛ,Продукты,,,,
16.04.2017 4:46:59,500,,,НАЛ,Развлечения,,,,
16.04.2017 4:47:34,2000,,,НАЛ,Дашины занятия,,,,
16.04.2017 5:28:19,5757,,,Сбербанк кредит,Одежда,,,,
17.04.2017 3:21:23,164,,,Сбербанк Маша,Продукты,,,,
17.04.2017 3:21:34,160,,,НАЛ,Обед,,,,
17.04.2017 4:22:12,1000,,,Сбербанк зарплата,МинусКарта,,,,
17.04.2017 4:22:23,,1000,,НАЛ,ПлюсНалик,,,,
17.04.2017 4:22:35,283,,,НАЛ,Обед,,,,
17.04.2017 5:47:20,400,,,НАЛ,Подарки,,,,
17.04.2017 10:48:29,3000,,,ВТБ,МинусКарта,,,,
17.04.2017 10:48:51,,3000,,НАЛ,ПлюсНалик,,,,
17.04.2017 10:49:15,1000,,,НАЛ,Дашины занятия,,,,
17.04.2017 10:49:40,850,,,НАЛ,Продукты,,,,
18.04.2017 3:46:03,250,,,НАЛ,Обед,,,,
18.04.2017 9:38:42,807,,,ВТБ,Продукты,,,,
18.04.2017 9:38:54,200,,,НАЛ,Подарки,,,,
19.04.2017 10:14:40,200,,,НАЛ,Подарки,,,,
19.04.2017 10:14:55,100,,,Сбербанк Маша,Обед,,,,
19.04.2017 10:15:06,160,,,НАЛ,Обед,,,,
19.04.2017 10:15:57,690,,,ВТБ,Продукты,,,,
19.04.2017 10:16:44,500,,,НАЛ,Продукты,,,,
19.04.2017 10:17:02,3000,,,ВТБ,МинусКарта,,,,
19.04.2017 10:17:18,,3000,,НАЛ,ПлюсНалик,,,,
19.04.2017 10:17:28,1000,,,НАЛ,Дашины занятия,,,,
19.04.2017 11:29:01,5000,,,Сбербанк зарплата,МинусКарта,,,,
19.04.2017 11:29:18,,5000,,НАЛ,ПлюсНалик,,,,
19.04.2017 11:29:32,300,,,НАЛ,Мобильная связь,,,,
19.04.2017 11:29:45,220,,,НАЛ,Развлечения,,,,
19.04.2017 11:29:59,250,,,НАЛ,Обед,,,,
20.04.2017 4:14:13,500,,,Сбербанк зарплата,МинусКарта,,,,
20.04.2017 4:14:27,,500,,НАЛ,ПлюсНалик,,,,
20.04.2017 4:14:40,250,,,НАЛ,Обед,,,,
20.04.2017 9:04:34,325,,,ВТБ,Обед,,,,
20.04.2017 9:04:50,1300,,,НАЛ,Развлечения,,,,
20.04.2017 9:30:16,9000,,,"Отпуск, накопления",МинусОтпуск,,,,
20.04.2017 9:30:32,,9000,,Сбербанк Маша,ПлюсКарта,,,,
20.04.2017 9:31:12,8084,,Билеты Даша и Бабушка,Сбербанк Маша,Развлечения,,,,
21.04.2017 3:22:43,6000,,,Сбербанк зарплата,МинусКарта,,,,
21.04.2017 3:22:52,,6000,,Сбербанк Маша,ПлюсКарта,,,,
21.04.2017 3:31:22,1800,,,Сбербанк зарплата,МинусКарта,,,,
21.04.2017 3:31:38,,1800,,НАЛ,ПлюсНалик,,,,
21.04.2017 3:32:28,600,,,НАЛ,Обед,,,,
21.04.2017 3:34:33,,20690,,Сбербанк зарплата,Сбербанк зарплата,,,,
21.04.2017 3:39:50,495,,,ВТБ,Медицина,,,,
21.04.2017 3:49:28,260,,,НАЛ,Обед,,,,
21.04.2017 11:35:15,6355,,,Сбербанк зарплата,Продукты,,,,
21.04.2017 11:36:04,1800,,,НАЛ,Дашины занятия,,,,
21.04.2017 11:39:08,300,,,НАЛ,CORR,,,,
21.04.2017 12:02:38,2800,,,Сбербанк Маша,Развлечения,,,,
22.04.2017 7:48:24,1044,,,ВТБ,Продукты,,,,
22.04.2017 7:48:44,200,,,ВТБ,Медицина,,,,
22.04.2017 7:49:10,265,,,НАЛ,Продукты,,,,
23.04.2017 2:04:29,330,,,НАЛ,Развлечения,,,,
23.04.2017 9:17:07,2100,,,Сбербанк Маша,Медицина,,,,
23.04.2017 9:18:52,5000,,,Сбербанк зарплата,МинусКарта,,,,
23.04.2017 9:19:12,,5000,,Сбербанк кредит,ПлюсКарта,,,,
24.04.2017 4:25:29,250,,,НАЛ,Обед,,,,
24.04.2017 9:41:05,300,,,НАЛ,Подарки,,,,
24.04.2017 9:41:34,1000,,,НАЛ,Дашины занятия,,,,
24.04.2017 9:42:02,1000,,,ВТБ,МинусКарта,,,,
24.04.2017 9:42:22,,1000,,НАЛ,ПлюсНалик,,,,
24.04.2017 9:43:01,,16438,,ВТБ,ВТБ,,,,
24.04.2017 9:43:39,361,,,ВТБ,Продукты,,,,
24.04.2017 9:45:20,550,,,НАЛ,Продукты,,,,
24.04.2017 9:58:38,8238,,,ВТБ,Коммунальные расходы,,,,
24.04.2017 10:02:56,910,,,ВТБ,Коммунальные расходы,,,,
24.04.2017 23:38:24,150,,Даша,Сбербанк Маша,Обед,,,,
25.04.2017 6:28:44,399,,,ВТБ,Одежда,,,,
25.04.2017 9:09:26,250,,,НАЛ,Обед,,,,
25.04.2017 9:10:31,396,,,Сбербанк зарплата,Парфюмерия & косметика,,,,
25.04.2017 11:15:31,482,,,НАЛ,Продукты,,,,
25.04.2017 11:16:15,191,,,ВТБ,Продукты,,,,
26.04.2017 3:46:52,250,,,НАЛ,Обед,,,,
26.04.2017 5:57:10,391,,,ВТБ,Продукты,,,,
26.04.2017 8:14:12,2000,,,ВТБ,МинусКарта,,,,
26.04.2017 8:14:31,,2000,,НАЛ,ПлюсНалик,,,,
26.04.2017 8:14:53,549,,,ВТБ,Одежда,,,,
26.04.2017 9:12:01,390,,,НАЛ,Продукты,,,,
26.04.2017 9:12:14,1000,,,НАЛ,Дашины занятия,,,,
26.04.2017 11:37:02,2000,,Аванс за Лоо,"Отпуск, накопления",Развлечения,,,,
26.04.2017 11:37:55,100,,,Сбербанк Маша,Мобильная связь,,,,
27.04.2017 3:37:43,250,,,НАЛ,Обед,,,,
27.04.2017 14:13:30,900,,,НАЛ,Развлечения,,,,
27.04.2017 14:13:57,3000,,,Сбербанк зарплата,МинусКарта,,,,
27.04.2017 14:14:18,,3000,,НАЛ,ПлюсНалик,,,,
27.04.2017 14:14:38,2100,,,НАЛ,Дашины занятия,,,,
27.04.2017 14:17:36,150,,Даша,Сбербанк Маша,Обед,,,,
28.04.2017 6:24:50,800,,,НАЛ,Обед,,,,
29.04.2017 2:00:51,1000,,,НАЛ,Дашины занятия,,,,
29.04.2017 2:01:03,236,,,ВТБ,Продукты,,,,
29.04.2017 8:26:40,1650,,,Сбербанк зарплата,Одежда,,,,
29.04.2017 8:27:05,4800,,Колеса,Сбербанк зарплата,Авто,,,,
29.04.2017 8:27:29,1676,,,ВТБ,Продукты,,,,
29.04.2017 8:27:47,140,,,НАЛ,Продукты,,,,
29.04.2017 8:29:11,2700,,,Сбербанк зарплата,Продукты,,,,
30.04.2017 8:03:43,330,,,НАЛ,Развлечения,,,,
30.04.2017 8:04:10,150,,,НАЛ,Продукты,,,,
30.04.2017 8:04:35,1760,,,Сбербанк зарплата,Продукты,,,,
01.05.2017 12:30:00,1500,,,Сбербанк Маша,МинусКарта,,,,
01.05.2017 12:30:26,,1500,,НАЛ,ПлюсНалик,,,,
01.05.2017 12:30:42,700,,,НАЛ,Продукты,,,,
01.05.2017 12:30:59,400,,,НАЛ,Одежда,,,,
01.05.2017 12:31:18,470,,,ВТБ,Продукты,,,,
02.05.2017 3:40:02,500,,,Сбербанк зарплата,МинусКарта,,,,
02.05.2017 3:40:12,,500,,НАЛ,ПлюсНалик,,,,
02.05.2017 3:40:25,250,,,НАЛ,Обед,,,,
02.05.2017 10:22:13,676,,,ВТБ,Продукты,,,,
02.05.2017 10:28:37,300,,,ВТБ,Мобильная связь,,,,
03.05.2017 11:28:41,3000,,,"Отпуск, накопления",МинусОтпуск,,,,
03.05.2017 11:28:56,,3000,,Сбербанк Маша,ПлюсКарта,,,,
03.05.2017 11:32:21,487,,,Сбербанк Маша,Продукты,,,,
03.05.2017 11:32:37,550,,,НАЛ,Развлечения,,,,
03.05.2017 11:32:50,50,,,НАЛ,Продукты,,,,
03.05.2017 11:33:04,1000,,,Сбербанк Маша,МинусКарта,,,,
03.05.2017 11:33:18,,1000,,НАЛ,ПлюсНалик,,,,
03.05.2017 11:38:07,420,,Батарейка для часов,НАЛ,Одежда,,,,
04.05.2017 3:31:05,300,,,НАЛ,Обед,,,,
04.05.2017 3:31:20,1000,,,Сбербанк зарплата,МинусКарта,,,,
04.05.2017 3:31:32,,1000,,НАЛ,ПлюсНалик,,,,
04.05.2017 3:31:43,250,,,НАЛ,Обед,,,,
04.05.2017 6:51:24,200,,,НАЛ,Обед,,,,
04.05.2017 6:51:43,700,,Маша и Даша,Сбербанк Маша,Обед,,,,
04.05.2017 6:52:00,200,,,НАЛ,Подарки,,,,
04.05.2017 6:52:15,,460,Хатуна вернула,Сбербанк Маша,ПлюсКарта,,,,
04.05.2017 6:52:46,234,,,ВТБ,Продукты,,,,
04.05.2017 10:03:23,3000,,,"Отпуск, накопления",МинусОтпуск,,,,
04.05.2017 10:05:09,,3000,,НАЛ,ПлюсНалик,,,,
04.05.2017 10:07:51,897,,,Сбербанк Маша,Продукты,,,,
04.05.2017 10:08:14,87,,,НАЛ,Подарки,,,,
04.05.2017 10:09:15,2100,,,НАЛ,Дашины занятия,,,,
05.05.2017 5:26:40,700,,,НАЛ,Обед,,,,
05.05.2017 5:26:50,234,,,Сбербанк Маша,Продукты,,,,
05.05.2017 5:30:38,,32878,,ВТБ,ВТБ,,,,
05.05.2017 5:30:55,6000,,,ВТБ,МинусКарта,,,,
05.05.2017 5:31:26,,6000,,"Отпуск, накопления",ПлюсОтпуск,,,,
05.05.2017 5:38:24,650,,,НАЛ,Обед,,,,
05.05.2017 5:38:39,800,,,Сбербанк зарплата,МинусКарта,,,,
05.05.2017 5:38:50,,800,,НАЛ,ПлюсНалик,,,,
05.05.2017 11:33:58,4000,,,ВТБ,МинусКарта,,,,
05.05.2017 11:34:20,,4000,,НАЛ,ПлюсНалик,,,,
05.05.2017 11:35:02,4248,,,ВТБ,Продукты,,,,
06.05.2017 3:47:58,1200,,Выставка,ВТБ,Развлечения,,,,
06.05.2017 3:48:54,1550,,,НАЛ,Парфюмерия & косметика,,,,
06.05.2017 3:49:06,200,,,НАЛ,Продукты,,,,
06.05.2017 3:49:27,500,,,НАЛ,Парикмахерская,,,,
06.05.2017 4:45:17,397,,,ВТБ,Продукты,,,,
07.05.2017 7:22:20,1560,,,ВТБ,Развлечения,,,,
07.05.2017 7:22:39,200,,,НАЛ,Развлечения,,,,
07.05.2017 7:23:27,150,,,НАЛ,Продукты,,,,
07.05.2017 8:50:56,400,,,НАЛ,Продукты,,,,
07.05.2017 8:51:24,510,,,ВТБ,Продукты,,,,
08.05.2017 1:06:08,1528,,,Сбербанк кредит,Одежда,,,,
08.05.2017 1:19:45,3000,,,ВТБ,Одежда,,,,
08.05.2017 1:21:00,1510,,,ВТБ,Одежда,,,,
08.05.2017 1:21:53,634,,,ВТБ,Обед,,,,
08.05.2017 1:22:14,3000,,,"Отпуск, накопления",МинусОтпуск,,,,
08.05.2017 1:22:34,,3000,,Сбербанк Маша,ПлюсКарта,,,,
08.05.2017 1:23:33,2000,,,Сбербанк Маша,МинусКарта,,,,
08.05.2017 1:23:58,,2000,,Сбербанк зарплата,ПлюсКарта,,,,
08.05.2017 1:25:44,900,,,НАЛ,CORR,,,,
08.05.2017 2:56:56,600,,,ВТБ,Одежда,,,,
08.05.2017 2:57:24,320,,,ВТБ,Мобильная связь,,,,
08.05.2017 2:57:50,150,,,НАЛ,Обед,,,,
08.05.2017 4:08:12,500,,,ВТБ,Медицина,,,,
08.05.2017 8:26:10,1000,,,Сбербанк Маша,МинусКарта,,,,
08.05.2017 8:26:30,,1000,,НАЛ,ПлюсНалик,,,,
08.05.2017 8:26:58,1600,,,НАЛ,Парикмахерская,,,,
08.05.2017 8:27:16,451,,,ВТБ,Продукты,,,,
09.05.2017 4:20:05,200,,аэрохоккей,НАЛ,Развлечения,,,,
09.05.2017 4:21:05,680,,билеты,Сбербанк зарплата,Развлечения,,,,
09.05.2017 4:21:32,585,,попкорн,Сбербанк зарплата,Развлечения,,,,
09.05.2017 4:22:25,200,,стоянка машины,Сбербанк зарплата,Развлечения,,,,
09.05.2017 4:23:07,,500,,НАЛ,ПлюсНалик,,,,
09.05.2017 4:23:22,500,,,Сбербанк зарплата,МинусКарта,,,,
09.05.2017 4:32:21,911,,,ВТБ,Продукты,,,,
09.05.2017 4:32:40,2000,,,"Отпуск, накопления",МинусОтпуск,,,,
09.05.2017 4:32:55,,2000,,НАЛ,ПлюсНалик,,,,
09.05.2017 4:33:39,450,,,НАЛ,Продукты,,,,
10.05.2017 4:48:48,375,,,ВТБ,Обед,,,,
10.05.2017 4:49:01,400,,,НАЛ,Подарки,,,,
10.05.2017 6:52:51,200,,,НАЛ,Подарки,,,,
10.05.2017 7:58:40,3000,,,ВТБ,МинусКарта,,,,
10.05.2017 7:59:13,,3000,,НАЛ,ПлюсНалик,,,,
10.05.2017 10:37:47,276,,,ВТБ,Продукты,,,,
10.05.2017 20:32:52,450,,,НАЛ,Продукты,,,,
10.05.2017 20:33:22,200,,бутерброд,НАЛ,Обед,,,,
11.05.2017 4:36:53,420,,,НАЛ,Обед,,,,
11.05.2017 4:37:56,,24310,,Сбербанк зарплата,Сбербанк зарплата,,,,
11.05.2017 9:19:42,454,,,Сбербанк зарплата,Продукты,,,,
11.05.2017 9:19:58,2000,,,Сбербанк зарплата,МинусКарта,,,,
11.05.2017 9:20:11,,2000,,НАЛ,ПлюсНалик,,,,
11.05.2017 9:40:37,0,,,НАЛ,Продукты,,,,
12.05.2017 0:16:11,1200,,интернет магазин,Сбербанк зарплата,"Бытовая техника, мебель",,,,
12.05.2017 4:01:44,500,,,НАЛ,Обед,,,,
12.05.2017 4:26:21,300,,,ВТБ,Мобильная связь,,,,
12.05.2017 4:26:41,375,,,ВТБ,Обед,,,,
12.05.2017 4:31:46,300,,Даша,Сбербанк Маша,Обед,,,,
12.05.2017 4:37:21,2100,,,НАЛ,Дашины занятия,,,,
13.05.2017 2:34:12,3170,,,Сбербанк зарплата,Продукты,,,,
13.05.2017 2:34:42,1200,,справки в бассейн,НАЛ,Медицина,,,,
13.05.2017 2:37:41,1000,,,НАЛ,Дашины занятия,,,,
13.05.2017 2:38:25,200,,макдональдс Бусику,НАЛ,Развлечения,,,,
14.05.2017 0:15:56,450,,флешка,Сбербанк зарплата,"Бытовая техника, мебель",,,,
14.05.2017 0:16:17,280,,,НАЛ,Продукты,,,,
14.05.2017 0:16:44,3000,,,Сбербанк зарплата,МинусКарта,,,,
14.05.2017 0:17:02,,3000,,НАЛ,ПлюсНалик,,,,
14.05.2017 0:17:59,330,,бассейн,НАЛ,Развлечения,,,,
15.05.2017 6:53:24,250,,,НАЛ,Обед,,,,
15.05.2017 11:59:57,500,,,НАЛ,Обед,,,,
15.05.2017 12:00:28,1000,,,ВТБ,МинусКарта,,,,
15.05.2017 12:00:47,,1000,,НАЛ,ПлюсНалик,,,,
15.05.2017 12:01:32,937,,,ВТБ,Продукты,,,,
15.05.2017 12:04:05,1000,,,НАЛ,Дашины занятия,,,,
15.05.2017 12:07:16,1000,,,НАЛ,CORR,,,,
15.05.2017 23:51:11,1700,,,Сбербанк зарплата,Транспорт,,,,
15.05.2017 23:51:41,,55000,,Сбербанк зарплата,Сбербанк зарплата,,,,
16.05.2017 5:01:22,250,,,НАЛ,Обед,,,,
16.05.2017 5:01:47,55000,,,Сбербанк зарплата,Ипотека,,,,
16.05.2017 5:03:39,13700,,,Росбанк кредит,Ипотека,,,,
16.05.2017 9:55:06,416,,,ВТБ,Продукты,,,,
16.05.2017 9:55:53,365,,,НАЛ,Обед,,,,
16.05.2017 9:56:30,120,,,НАЛ,Продукты,,,,
16.05.2017 9:57:00,150,,,Сбербанк Маша,Обед,,,,
17.05.2017 6:51:21,200,,Даше подушечики,НАЛ,Продукты,,,,
17.05.2017 6:51:35,145,,,НАЛ,Обед,,,,
17.05.2017 11:43:42,3000,,,"Отпуск, накопления",МинусОтпуск,,,,
17.05.2017 11:44:18,,3000,,ВТБ,ПлюсКарта,,,,
17.05.2017 11:47:19,1736,,,ВТБ,Продукты,,,,
17.05.2017 12:17:07,2000,,,Сбербанк зарплата,МинусКарта,,,,
17.05.2017 12:17:21,,2000,,НАЛ,ПлюсНалик,,,,
17.05.2017 12:17:35,1000,,,НАЛ,Дашины занятия,,,,
17.05.2017 12:33:31,3000,,,Сбербанк зарплата,МинусКарта,,,,
17.05.2017 12:33:49,,3000,,НАЛ,ПлюсНалик,,,,
17.05.2017 12:34:05,2000,,,НАЛ,Дашины занятия,,,,
18.05.2017 11:42:45,267,,,ВТБ,Продукты,,,,
18.05.2017 11:43:03,170,,,НАЛ,Продукты,,,,
19.05.2017 0:05:59,200,,очень вкусный бутерброд!,НАЛ,Обед,,,,
19.05.2017 12:13:50,774,,,ВТБ,Продукты,,,,
19.05.2017 12:14:22,200,,,НАЛ,Обед,,,,
20.05.2017 8:30:23,3355,,,Сбербанк зарплата,Продукты,,,,
20.05.2017 8:30:51,200,,пиво,НАЛ,Продукты,,,,
20.05.2017 8:31:19,330,,бассейн,НАЛ,Развлечения,,,,
20.05.2017 8:31:43,100,,,НАЛ,Дашины занятия,,,,
20.05.2017 8:41:17,502,,,ВТБ,Обед,,,,
21.05.2017 0:40:33,206,,,Сбербанк зарплата,Продукты,,,,
22.05.2017 3:30:29,300,,,НАЛ,Обед,,,,